Samskrit Word,Samskrit_GenderTelugu,Telugu_Word,Telugu _Gender
ADya,swrI,Xanikudu,swrI
ASApASa,,ASA_baMXamulu,
Sawa,a,nUru^vaMxa^aneka_viXamuluga,a
ASaya,puM,nivAsa_sWAnaM,puM
AScarya,napuM:puM,AScaryamu,napuM:puM
AScaryavaw,,AScaryamu,
ASu,napuM,wvaraga^veVMtane,napuM
AXipawya,napuM,Axipawyamu,napuM
A_paw2,,,
AcAra,puM,AcAramu,puM
AcArya,puM,AcAryudu,puM
upAsana,,seva^ArAXana^upAsanamu,
Acaraw,,AcaraNa,*
Af-brahman-Buvana,,,*
Af_KyA1,,,
Af_Sri1,,,
Af_Svas1_Nic,,,
Af_XA1,,,
Af_car1,,,
Af_gam1,,,
Af_pUr1,,,
Af_pax1,,,
Af_raB1,,,
Af_sWA1,,,
Af_sax1,,,
Af_viR2,,,
Af_viS1,,,
Af_vq2,,,
Af_vqw1,,,
Af_xA3,,,
Agama,puM,Agama,puM
apAyin,,apAyamu,
AgamApAyin,,ASaSvawamEnaxi^janana_maraNaM_kalaxi,
AhAra,napuM:puM,AhAramu^Bojanamu,napuM:puM
Ahava,puM,yuxXamu^yajFamu,puM
Aho,,Aho^o,
Ajya,napuM,Ajyamu^neVyyi,napuM
AkASa,napuM:puM,AkASamu,napuM:puM
sWiwa,napuM:puM,unnaxi^niScaludu,napuM:puM
Ap1,,,
ApUryamANa,puM,aMwata_vyApiMcunaxi,puM
ArAXana,napuM,ArAXana,napuM
AramBa,napuM:puM,AraMBamu,napuM:puM
Arjava,napuM,saralYwa^nijAyiwi,napuM
ArurukRu,puM,unnawi_ceVMxavaleVnani_icca_kalavAdu,puM
Arwa,napuM:puM,xuHKamu,napuM:puM
As1,,,
AsWiwa,puM,vasiMcina,puM
Asakwa,napuM:puM,sWirudu^Asakwudu,napuM:puM
manas,napuM,manassu,napuM
Asana,napuM,Asanamu,napuM
AsurI,swrI,,swrI
Asura,puM,Asura^rAkRasa,puM
niScaya,puM,niScayamu^nirNayamu,puM
Aswikya,napuM,AswikawvaM,napuM
AveSiwa-cewas,,,
Avqwwi,swrI,prayAyamu,swrI
AwawAyin,puM,SaswraprahAramu_ceyuvAdu,puM
AwmA,,Awma,
Opamya,,samarUpamu,
rawi,swrI,anurAgamu,swrI
Awman,puM,Awma,puM
Awman-BAva-sWa,,,
SuxXi,swrI,SuxXi,swrI
prasAxa,puM,prsAxamu^prasannamu^anugrahamu,puM
kAraNa,napuM,kAraNamu^sAXanamu,napuM
mAyA,swrI,mAya,swrI
para,napuM,para^iwara,napuM
xeha,napuM:puM,xehamu^SarIramu^menu,napuM:puM
saMsWa,napuM:puM,saMsWa^vyavasWa,napuM:puM
saMyama,puM,saMyamanamu^iMxriya_nigrahamu,puM
yoga,puM:puM,yoga^yogamu^XyAnamu,puM:puM
agni,puM,agni,puM
samBAviwa,napuM:puM,samBAviwa^sammAniwa^gOraviwa,napuM:puM
vaSya,napuM:puM,vaSamEnaxi,napuM:puM
viBUwi,swrI,viBUwi^Esvaryamu,swrI
viSuxXi,swrI,viSuxXi^SuxXi,swrI
vinigraha,puM,nigrahamu^niyaMwramu,puM
wqpwa,napuM:puM,wqpwi,napuM:puM
Awman-yoga,,,
Awmavaw,napuM:puM,svasWa_ciwwudu,napuM:puM
Awyanwika,puM,awyaXikamu^aMwamu_lenixi,puM
AxarSa,puM,AxarSamu,puM
Axi,puM,Axi,puM
anwavaw,puM,aMwamu,puM
karwq,puM,sqRti_karwa^ceyuvAdu,puM
xeva,puM,xevudu^xevawa,puM
Axiwya,puM,Axiwya^Axiwyudu,puM
gawa,,gawa^gawiMcinaxi,
varNa,napuM,varNamu^raMgu,napuM
Axiwyavaw,,Axiwyudi_lAgA,
Axya,napuM:puM:swrI,Axyamu,napuM:puM:swrI
AyuXa,napuM,AyuXamu,napuM
Ayus,napuM,Ayuvu^jIviwa_kAlamu,napuM
sawwva,napuM,sawwvamu^Sakwi,napuM
bala,napuM:puM,balamu,napuM:puM
Arogya,,Arogyamu,
suKa,napuM:puM,suKamu,napuM:puM
prIwi,swrI,prIwi,swrI
vivarXana,,varXanamu,
BAR1,,,
BARA,swrI,BARa,swrI
BArawa,napuM,Barawa^Barawamu,napuM
BAs,,prakASamu^kAMwi,
BAs1_Nic,,,
BAsvaw,puM,prakASiMcuta,puM
BAva,puM,Bava^manovikAramu,puM
saMSuxXi,,SuxXi^svacCaM,
samanviwa,napuM:puM,samanviwa^sambaxXa,napuM:puM
BAvanA,swrI,Bavana^Alocana,swrI
BEkRya,napuM,BikRa^BikRA_samUhamu,napuM
BIRma,napuM:puM,BIRmudu^BayaMkara,napuM:puM
aBirakRiwa,napuM:puM:swrI,rakRiMpabadina,napuM:puM:swrI
xroNa,puM:napuM,xroNudu,puM:napuM
pramuKawa,,pramuKawvamu,
Bima,,Bimudu,
arjuna,puM,arjunudu,puM
sama,napuM:puM,samAnamu,napuM:puM
karman,napuM,karma^pani^ceyuta,napuM
BIwa,napuM:puM,Biwa^Bayamu,napuM:puM
BIwa-BIwa,,,
BU,,BU^Bumi,
BU1,,,
BU1_Nic,,,
BUmi,swrI,Bumi,swrI
BUwa,puM:napuM,Buwa^prANi,puM:napuM
Axi,puM,Axi^moVxalagu,puM
uxBava,puM,uwpawwi^OxAryaM,puM
kara,puM,kara^ceyuvAdu,puM
BUwa-BAvana,,,
Barwq,puM,Barwa^rAju^praBuvu,puM
Bqw,,BariMcuvAdu^kaluguvAdu,
ISa,puM,ISa^ISvarudu^sqRtikarwa,puM
gaNa,puM,gaNa^gaNamu,puM
grAma,puM,grAmamu,puM
ijya,,guruvu^xevawa^pUja,
mahaw,napuM:puM,mahawwu^goppaxi,napuM:puM
Isvara,,Isvarudu,* Is it Isvara
pqWak,,veru^BinnaM^prawyekamu,
prakqwi,swrI,prakqwi^jIvamu^svaBAvamu,swrI
mokRa,puM,mokRamu,puM
sWa,napuM:puM,sWiwi^sWiwi_Siludu,napuM:puM
sarga,puM,sargamu^sqRti,puM
viSeRa,napuM:puM,viSeRa^awyaMwa,napuM:puM
safGa,,saMGamu^samUhamu,
BUwi,swrI,Buwi^Bagyamu^Esvaryamu,swrI
BUyaH,,marala^malYlYi,
Bagavaw,napuM:puM,BagavaMwudu^Isvarudu,napuM:puM
Baj1,,,
Bakwa,puM,Bakwudu,puM
Bakwi,swrI,Bakwi,swrI
Bakwi-upa_hq1,,,
Bakwi-yoga,,,
Bakwimaw,puM,Bakwudu^Bakwi_kalavAdu,puM
BarawaSreRTa,puM,Barawa_SreRTudu,puM
BarawarRaBa,puM,BarawarRaBa^BarawaxeSa_rAju,puM
Barawasawwama,puM,Barawasawwama^BarawaSreRTa,puM
Barwq,puM,,puM
BasmasAw,puM,Basmam_ceyuta,puM
Bava,puM,Bava^prApwi^janmamu,puM
apyaya,,nASamu,
Bavaw,napuM:puM,jarugunaxi^uMdunaxi,napuM:puM
BaviRya,puM,BaviRya^kAgalaxi,puM
BaviRyaw,napuM:puM,BaviRyaw_kAlamu^jaragaboyexi,napuM:puM
BayAnaka,puM:napuM,BayAnakamu^BayaMkaramu,puM:napuM
BayAvaha,puM,BayAvaha^Bayamunu_kaligiMcunaxi,puM
Baya,napuM,Bayamu,napuM
aBaya,napuM:puM:swrI,aBayamu^Bayamu_lekapovuta,napuM:puM:swrI
BerI,swrI,BerI,swrI
Bexa,puM,Bexamu,puM
BinnA,swrI,Binnamu,swrI
Boga,napuM:puM,Bogamu,napuM:puM
Esvarya,,Esvaryamu,
gawi,swrI,gawi,swrI
prasakwa,napuM:puM:swrI,Asakwudu,napuM:puM:swrI
Bogin,puM,Bogi^suKI^Bogamu_anuBaviMcuvAdu,puM
Bojana,napuM,Bojanamu,napuM
Bokwq,napuM,Bogi^rAju^Bojanamu_ceyuvAdu,napuM
Bokwqwva,napuM,anuBaviMcuta,napuM
Bq2,,,
Bqgu,puM,Bqgu_maharRi,puM
BrAwq,puM,sahoxarudu^wodabuttinavAdu,puM
BrU,swrI,kanubomma,swrI
Bram1,,,
Bram2_Nic,,,
Buj2,,,
Cala,napuM,mosamu^vaMcana,napuM
Canxas,napuM,Canxassu^icca,napuM
Cinna,napuM:puM:swrI,Cinna^Cexana,napuM:puM:swrI
aBra,,AkASamu^meGamu,
saMSaya,puM,saMSayamu,puM
xvEXa,,xviwvamu^reMdu_viXamulu,
Cix1,,,
ESvara,puM:swrI,Isvaruniki_saMbaMXiMcinaxi,puM:swrI
ErAvawa,puM,ErAvawamu,puM
GoRa,napuM:puM,GoRa^Xvani,napuM:puM
Gora,napuM:puM,GoramEnaxi^BayaMkaramu,napuM:puM
GrA1,,,
GrANa,napuM,vAsana^nAsika,napuM
ISa,puM,ituvaMtixi,puM
ISvara,puM,Isvarudu,puM
ISvara-BAva,,,
Id1,,,
Ih1,,,
IkR1,,,
IxqS,napuM:puM:swrI,,napuM:puM:swrI
JaRa,napuM:puM,cepa^adavi,napuM:puM
Ka,puM,AkASamu,puM
ORaXa,napuM:puM,ORaXamu,napuM:puM
Pala,napuM,Palamu,napuM
AkAfkRin,,AsiMcuvAdu^koruvAdu,
hewu,puM,hewuvu^kAraNamu,puM
RWA1,,,
RaR,napuM,Rat^Aru,napuM
mAsa,puM,mAsamu,puM
Ranja1,,,
SAKA,swrI,SAKa^cettu_komma^Bujamu,swrI
SASvawI,swrI,SASvawamEnaxi^niwyamEnaxi,swrI
SASvawa,napuM,SASvawamu^niwyamu,napuM
Xarman,,Xarmamu,*
gopwq,,rakRakudu^rAju,
SAnwa,napuM:puM,Sanwi_poVMxinavAdu,napuM:puM
rajas,napuM:puM,rajoguNamu,napuM:puM
SAnwi,swrI,SAMwi^Samanamu,swrI
SArIra,napuM:puM,SarIra_saMbaMXa,napuM:puM
SAs1,,,
SAswra,napuM,Saswramu,napuM
SAswra-viXAna-vac1,,,
viXAna,napuM,viXAnamu,napuM
viXi,puM,viXi^niyamamu,puM
SEbya,napuM:puM,Sebya,napuM:puM
Siwa,napuM:puM,Siwamu,napuM:puM
uRNa,napuM:puM,uRNamu,napuM:puM
xuHKa,napuM,xuHKamu,napuM
xa,,iccuvAdu^iccunaxi,
SOca,napuM,Socamu^pariSuBrawa,napuM
SOrya,napuM,Soryamu,napuM
SUra,puM,Surudu,puM
SUxra,puM,Suxrudu,puM
SaMs1,,,
SaSAfka,puM,SaSAfkudu^caMxrudu,puM
SaSin,puM,SaSi^caMxrudu,puM
sUrya,puM,sUryudu,puM
newra,napuM,newramu^kannu^nAyakudu,napuM
SaSvaw,,marala^niraMwaramu,
SaTa,napuM:puM,kuwsiwudu^mUrKudu,napuM:puM
Sabxa,puM,Sabxamu,puM
Sabxa-Axi,,,
brahman,napuM:puM,brahman^paramAwma,napuM:puM
SafKa,puM,SafKamu,puM
Safkara,puM,Safkarudu,puM
Sak1,,,
Sama,napuM:puM,SAMwi^upaSamanaM,napuM:puM
SanEH,,mellagA,
SarIra,napuM:puM,SarIramu,napuM:puM
SarIra-sWa,,,
vAk,,vAkku,
vi-mokRaNa,,vaxilipettuta,
yAwrA,swrI,yAwra^wIrWayAwra,swrI
SarIrin,puM,SarIramu_kalaxi,puM
SaraNa,napuM,SaraNamu,napuM
Sarman,napuM:puM,brAhmaNudu^saMwoRamu,napuM:puM
Saswra,napuM,Sawramu^AyuXamu,napuM
Saswra-Bqwa,,SaswraXArI^XariMcuvAdu,*
pANi,puM:swrI,ceyi^haswamu,puM:swrI
sampAwa,puM,pawanaM,puM
SawaSaH,,Sawamu^vaMx^nUru,
Sawru,puM,Sawruvu,puM
Sawruvaw,,Sawruvu_lAgA^Sawruvu,
Sawruwva,napuM,Sawruwvamu,napuM
SiKaNdin,napuM:puM,SiKaMdi^nemali,napuM:puM
SiKarin,puM,SiKaramu_kalaxi^parvawamu,puM
SiRya,puM,SiRyudu,puM
Siras,napuM,Sirassu,napuM
Soka,puM,Sokamu,puM
saMvigna,napuM:puM,uxvegaM_ceMxinavAdu,napuM:puM
mAnasa,puM,manassu^mAnasa_sarovaramu,puM
SrI,swrI,SrI^Esvaryamu,swrI
SrImaw,napuM:puM,SoBanakaramEna,napuM:puM
SraxXA,swrI,SraxXa,swrI
virahiwa,napuM:puM,lenixi,napuM:puM
SraxXAmaya,puM,SraxXAmaya^SraxXa_kaligiuMduta,puM
SraxXAvaw,puM,SraxXa,puM
SraxxaXAna,napuM:puM,SraxXA_yukwa,napuM:puM
SreRTa,napuM:puM,SreRTamu,napuM:puM
Sreyas,napuM:puM,Sreyassu^SuBamu,napuM:puM
Sri1,,,
Srowra,napuM,cevi^karNamu,napuM
Axin,,BujiMcedi,
Sru1,,,
Sruwi,swrI,vexamu^cevi,swrI
parAyaNa,,parAyaNudu^AsakwikalavAdu,
viprawipannA,,viroXamu,
SuBa,napuM:puM,SuBamu^maMgalYamu,napuM:puM
aSuBa,napuM:puM:swrI,aSuBamu,napuM:puM:swrI
Pala,napuM,Palamu,napuM
pariwyAgin,,pariwyajiMcinavAdu^wyAgi,
SuR1_Nic,,,
Suc1,,,
Suci,puM:swrI,Suci^SuxXaM,puM:swrI
Sukla,napuM,SuxXaM^weVlupu,napuM
kqRNa,napuM:vi:puM,nalupu,napuM:vi:puM
SvaSura,puM,mAmagAru,puM
Svan,puM,kukka,puM
SvapAka,puM,caMdAludu,puM
Svas1,,,
Svewa,napuM:puM,Svewamu^weVlupu,napuM:puM
SyAla,puM,bAvamarixi,puM
mUla,napuM,mUlamu,napuM
UrXvam,napuM,mIxaunnaxi^pEki,napuM
Urjiwa,napuM:puM:swrI,XqDamu^balamu,napuM:puM:swrI
XA1,,,
XAman,napuM,SarIramu^nivAsa_sWAnamu,napuM
XArwarARtra,puM,XqwarARtruni_koduku,puM
XAwq,puM,XariMcuvAdu,puM
XImaw,puM,jFAnamu_kalavAdu^buxXimaMwudu,puM
XIra,napuM:puM,Xirudu,napuM:puM
XUma,puM,Xumamu^poga,puM
Xana,napuM,Xanamu,napuM
mAna,puM,mAna^aBimAnamu,puM
maxa,napuM:puM,maxamu,napuM:puM
anviwa,vi,anusariMcunaxi^kUdiyunnaxi,vi
XanaFjaya,puM,XanaFjayudu,puM
XanurXara,puM,XanurXarudu^vilukAdu,puM
Xanus,napuM,Xanussu^villu,napuM
Xarma,puM,Xarmamu,puM
aviruxXa,,viruxXamu,*
kAma,puM:swrI,kAmamu^icca,puM:swrI
arWa,puM,arWamu^vaswuvu^Xanamu^prayojanamu,puM
saMsWApanA,swrI,saMsWApanamu^sWApanamu,swrI
Xarman-Awman,,,
kRewra,napuM,kRewramu^sWalamu^paMta_Bumi^,napuM
sammUDa,,mUrKudu^mUDudu,
cewas,napuM,ciwwamu^cewanamu,napuM
Xarmya,puM,XarmAwmudu^puNyamu,puM
amqwa,napuM:puM,amqwamu^suXa,napuM:puM
Xenu,swrI,Xenuvu^Avu,swrI
XmA1,,,
Xq1_Nic,,,
XqRtakewu,puM,XqRtakewudu,puM
XqRtaxyumna,puM,XqRtaxyumnudu,puM
XqwarARtra,puM,XqwarARtrudu,puM
Xqwi,swrI,Xeryamu^Xqwi,swrI
gqhIwA,,grahiMpabadinaxi,
uwsAha,puM,uwsAhamu,puM
XruvA,swrI,niScayamu,swrI
Xruva,puM,niScayamu^acalamu,puM
XyAna,napuM,XyAnamu,napuM
para,napuM,paramu^anyamu^iwara,napuM
XyAyaw,,XyAnamu,
XyE1,,,
_ca,,,
a-BU1_Nic,,,
a-Cix1,,,
a-Socya,,xuHKimpawagina^SocanIyamu,*
a-SraxxaXAna,,SraxXa_kaliginaxi,*
a-SuR1,,,
a-cinwya,,ciMwiMpawaginaxi^ciMwanIyamu,*
a-han1,,,
a-hiwa,,hiwamu,*
a-kIrwi,,kIrwi,
a-kIrwikara,,kIrwiMcuta,*
a-karman,,,
a-klix1,,,
a-kqwa,,kqwa^ceyabadinaxi,
a-nASin,,nASamu_ceyuvAdu,
a-niwya,,niwyamu,
a-parihArya,,parihariMpawaginaxi^viduvawaginaxi,
a-pra_xA2,,,
a-prameya,,yaWArxa_jFAnamu,
a-sakwa,,Asakwudu,
a-sapawna,,Sawruvu,
a-saw,,yaWArXamu^sawyamu,
a-svargya,,svargaM_koVrakuceyu_SuBakAryamu,
a-vikArya,,,*
a-vinASin,,vinASanamu,
a-vipaSciw,,paMdiwudu^vixvAMsudu,
a-vyakwa,,vyakwamu^spaRtamu,
a-vyavasAyin,,prayawnamu_ceyuvAdu^vyavasAyamu_ceyuvAdu^rEwu,
a-vyayA,,vyayamu^Karcu,
a-vyaya,,vyayamu^Karcu,
a-xah1,,,
a-yuj2,,,
aBAva,puM,aBAvamu^lekapovuta,puM
aBaya,napuM:puM:swrI,Bayamu_lekapovuta,napuM:puM:swrI
aBi-asUyaka,,asUya_kalavAdu,*
aBi-janavaw,,,*
aBi-muKa,,aBimuKaM^exuruga^muKamu,*
aBi_BU1,,,
aBi_XA1,,,
aBi_arc1,,,
aBi_asUya,,asUya,
aBi_asUya1,,,
aBi_han1,,,
aBi_jFA2,,,
aBi_jan2,,,
aBi_jan3,,,
aBi_nax1,,,
aBi_rakR1,,,
aBi_ram1,,,
aBi_sam_XA1,,,
aBi_vi_jval1,,,
aBikrama,puM,prAraMBiMcuta,puM
aBimAna,puM,aBimAnamu^prema,puM
aBipravqwwa,puM,paniyaMxu_nimagnudu,puM
aBiwaH,,eVxuta^iru_prakkala,
aByAsa,puM,aByAsiMcuta^malYlYi_malYilYi_ceyuta,puM
aByAsa-yoga,,,
aByAsa-yoga-yuj2,,,
aByuwWAna,napuM,aBivqxXi^peruguta,napuM
aGa,napuM:puM,pApamuaparAXamu,napuM:puM
aGa-Ayus,,,
aKila,napuM,samagramu^aMwayu^saMpUrNamu,napuM
aMSa,puM,aMSamu,puM
aMSumaw,vi,sUryudu,vi
aNIyas,vi,sUkRmamu^cAlA_koMcemu,vi
aNu,vi:puM,aNuvu^koMcemu,vi:puM
aRmax,,manavAdu,*asmax?
aRtaXA,,aRta_viXamulugA,
aS1,,,
aS2,,,
aSAnwa,puM,aSAMwi,puM
aSeRa,vi:puM:napuM,aSeRamu^aKilamu^saMpUrNamu,vi:puM:napuM
aSeRawaH,,saMpUrNamunuMdi,
aSru,napuM,kannIru,napuM
pUrNa,napuM:puM,pUrNamu^saMpUrNamu,napuM:puM
Akula,napuM,kRoBa^AkulaM,napuM
IkRaNa,puM,cUpu^xqRti,puM
aSuBa,napuM:puM:swrI,aSuBamu,napuM:puM:swrI
aSuci,vi:swrI,aSuci^aSuxXamu,vi:swrI
vrawa,napuM:puM,vrawamu^niyamamu^AcaraNamu,napuM:puM
aSva,puM,aSvamu,puM
aSvawWAman,puM,aSvawWAma,puM
aSvawWa,puM,rAvi_cettu,puM
aSvin,puM,aSva_pAlakudu^rOwu,puM
aWa,,waruvAwa,
aWavA,,lekuMte,
aWo,,waruvAwa,
aXaH,,skriMxa,
aXaHSAKa,,,*
aXamA,swrI,aXamurAlu,swrI
aXarma,puM,aXarmamu,puM
aBiBava,,wiraskAramu^parABavamu,
aXi-BUwa,,parabraHmA^brahmamu,*
aXi-xEva,,aXixevawa,*
aXi-xEvawa,,aXixevawa,
aXi-yajFa,,muKya_yAgamu,
aXiRTAna,napuM,AkramiMcuta^sWiramuga_uMduta,napuM
aXi_RWA1,,,
aXi_gam1,,,
aXi_i2,,,
aXi_sWA1,,,
aXikAra,puM,aXikAramu,puM
aXika,napuM:puM,aXikamu,napuM:puM
aXikawara,napuM:puM,aXikamu,napuM:puM
aXyAwma,napuM:puM,aXyAwma^Awma_saMbaMXamEna,napuM:puM
aXyAwma-cewas,,,
aXyAwma-niwya,,,
saFjFiwa,napuM:puM,perugala,napuM:puM
jFAna,napuM,jFAnamu,napuM
niwyawva,,niwyamu,
vixyA,swrI,vixya,swrI
aXyakRa,napuM:puM,aXyakRudu^aXikAri,napuM:puM
acalA,vi,acalamEnaxi^Bumi^parvawamu,vi
acala,vi,acalamEnaxi^Bumi^parvawamu,vi
prawiRTa,,gOravamu^kIrwi,
acara,vi,sWiramu^acaramu,vi
acinwya,vi,AlociMcalenixi,vi
rUpa,napuM,rUpamu,napuM
acira,napuM,aciramu^cirakAlamu_kAnixi,napuM
acyuwa,puM:vi,ViRNuvu^sWiramEnaxi,puM:vi
afga,napuM:puM,aMgamu,napuM:puM
agawa-asu,,,*
agni,puM,agni,puM
agra,napuM:puM,agramu^eVxuta^muKyamu^moVxatixi,napuM:puM
ahaH,,pagalu,
Agama,puM,Agama_Saswramu,puM
rAwra,napuM:puM,rAwri,napuM:puM
vix,napuM,uMduta^AlociMcuta,napuM
ahafkAra,puM,ahaMkAramu,puM
vimUDa,napuM:puM,mUrKudu,napuM:puM
ahafkqwa,puM,ahaMkAramu_kalavAdu,puM
ahan,napuM,xinamu^sUryudu^pagalu,napuM
ahiMsA,swrI,ahiMsa,swrI
ahiwa,puM,ahiwamu^hiwamu_kAnixi,puM
aho,,aho,
ajFAna,napuM,ajFAnamu,napuM
ajFAna-ja,,,
samBUwa,puM,uwpannamEnaxi^puttinaxi,puM
ajFAna-sammoha,,AkarRaNa,
vimohiwa,,mohamulounnavAdu,
ajFa,puM,mUrKudu^ajFAni,puM
aja,puM,janmiMcanixi,puM
ajasram,,eVllappudu^niwyaM,
akAra,,akAramu^pani_ceyanivAdu,
akRara,napuM,akRaramu,napuM
samuxBava,puM,uxBaviMcuta^puttuta,puM
akRaya,puM,kRINiMcanixi^kRayamu_lenixi,puM
akroXa,puM,kroXamu_lenivAdu,puM
alasa,vi,somari,vi
alolupwva,,,
alpa,napuM,alpamu^wakkuva,napuM
buxXi,swrI,buxXi^mawi^meXassu,swrI
meXas,puM,meXassu,puM
amAniwva,,vinayamu,
amBas,napuM,uxakamu^nIru^AkASamu,napuM
amUDa,puM,weVlivEnavAdu,puM
amala,napuM:puM:swrI,SuxXamu^paviwramu,napuM:puM:swrI
ambu,napuM,jalamu^nIru,napuM
vega,puM,vegamu,puM
ameXya,puM:napuM:vi,malinamu^apaviwramu,puM:napuM:vi
amiwa,,apAramEna^anaMwamu^eVkkuva,
vikrama,napuM:puM,Soryamu^parAkramamu,napuM:puM
amqwa,napuM:puM,amqwamu,napuM:puM
upama,,upAyamu^polika,
uxBava,puM,uxBaviMcuta,puM
amqwawva,,amqwawwvamu,
amuwra,,paralokamuyaMxu,
an-aBisneha,,anubaMXamu^Asakwi^icca,*
an-uxvigna,,uxvegamu_kalavAdu^BayamukalavAdu,
anAmaya,puM,Arogyamu,puM
anArya,,xuRtudu,
juRta,napuM:puM,saMwoRaM^yukwamu,napuM:puM
anAxi,puM,anAxi^niwyamu,puM
maXya,napuM:puM,maXyamu,napuM:puM
anwa,napuM:puM,anwamu,napuM:puM
anaGa,vi:puM,nirxoRamu^nirmalamu,vi:puM
anala,puM,agni^jaTarAgni,puM
ananwA,swrI,anaMwamu,swrI
ananwa,puM,anaMwamu,puM
bAhu,puM,Bujamu,puM
ananwa-rUpa,,,
vIrya,napuM,vIrawvaM^parAkramamu^Sakwi^vIryamu,napuM
vijaya,puM,vijayamu^geVlupu^vijayudu,puM
ananwara,napuM,anaMwaramu,napuM
ananya,vi,ananya^samarUpamu^aBinnamu,vi
BAj,,pujiMcuta^BAgamu,
ananya-cewas,,,
ananya-manas,,,
ananya-yoga,,,
aneka,napuM:puM,anekamu,napuM:puM
axBuwa,napuM:puM,axBuwamu,napuM:puM
xarSana,napuM,xarSanamu,napuM
uxara,napuM:puM:swrI,uxaramu^poVtta,napuM:puM:swrI
vakwra,napuM:puM,muKamu,napuM:puM
newra,napuM,newramu^kannu,napuM
ciwwa,napuM:puM,ciwwamu,napuM:puM
viBrAnwa,,BrAMwi_kaliginaxi,
janman,napuM,janmamu^uwpawwi,napuM
saMsixXa,napuM:puM,sVaBAvikamEnaxi,napuM:puM
nayana,napuM,nayanamu^kannu,napuM
aneka-varNa,,,
xivya,napuM:puM,xivyamu^xivyamEna,napuM:puM
ABaraNa,,ABaraNamu,
anekaXA,,aneka_viXamuluga,
anikewa,vi,snyAsi^nivAsa_hInudu,vi
anirviNNa,,xuHKamu_lenivAdu^viSrAMwi_lenivAdu,
anirxeSya,vi,anirxeSyamu^nirxeSiMcalenixi,vi
aniwya,vi,aniwyamu,vi
aniyawa,vi,niyamamu_lenixi,vi
anna,napuM,annamu^AhAramu,napuM
anna-samBava,,saMBavamu^janmamu^uwpawwi,
sanwawa,napuM:puM,eVllappudu^niraMwaramu^niwyamu^aXikamu^viswIrNamEnaxi,napuM:puM
anu_SAs1,,,
anu_Sru1,,,
anu_Suc1,,,
anu_Xi1,,,
anu_cinw1,,,
anu_iR2,,,
anu_man1,,,
anu_raFj2,,,
anu_sWA1,,,
anu_sasj1,,,
anu_smq1,,,
anu_vqw1,,,
anu_xqS1,,,
anubanXa,puM,anubaMXamu^pASamu,puM
anukampA,swrI,karuNa^xaya,swrI
anuprapanna,puM,anusariMcuta,puM
anuwwamA,swrI,SreRTurAlu^sarvowwamurAlu,swrI
anuwwama,puM,SreRTudu^sarvowwamudu,puM
anviwa,vi,anusariMcuta,vi
anwa,napuM:puM,anwamu,napuM:puM
anwa-gam1,,,
kAla,napuM:puM,kAlamu^samayamu,napuM:puM
anwa-sWa,,,
anwaH,,anwamu^lopala^civara,
anwaH-SarIra-sWa,,,
anwar,,maXyalo^lopala,
ArAma,,wota^upavanamu^AnaMxamu,
jyowi,,jyowi,
anwar-suKa,,,
anwarAwman,puM,aMwarAwma^paramAwma,puM
anwara,,aMwaramu^samIpamu^lopala^,
anwavaw,puM,aMwamuvaleV^anwamu,puM
anwika,napuM:puM,samIpamu^anwamu,napuM:puM
anyA,swrI,anyamu^veru^iwaramu^Binnamu,swrI
anyAya,puM,anyAyamu^nyAyamu_lenixi,puM
anya,napuM:puM,anyamu^veru^iwaramu^Binnamu,napuM:puM
xevawA,swrI,xevawa,swrI
anyaWA,,vere_viXamuga,
anyawra,,vere_cotu^vere_praxeSamu,
ap,swrI,jalamu,swrI
apAna,,apAna_vAyuvu,
apAwra,puM,apAwrudu^xAnamunaku_pAwrudu_kAnivAdu,puM
apESuna,napuM,sawyamu^nyAya_buxXi,napuM
apa_Af_vq2,,,
apa_nux1,,,
apahqwa,puM,apahariMcabadinaxi,puM
apahqwa-jFAna,,,
aparA,swrI,iwaramu^waruvAwa,swrI
aparAjiwa,puM,ajeyudu,puM
apara,napuM:puM,iwaramu^waruvAwa,napuM:puM
aparaspara,,parasparamu_kAnixi,
samBUwa,puM,uwpannamEnaxi^puttinaxi,puM
aparigraha,puM,svIkariMcakapovuta^saMgrahaNa_icca_lekapovuta,puM
aparyApwa,vi,aparyApwamu^asaMpUrNamu,vi
api,,mariyu^iMkayu,
apiwu,,,*
apohana,napuM,Uha^BrAMwi^woVlagiMcuta,napuM
aprakASa,vi:napuM,prakASamu_lenixi^prakatiMpabadanixi,vi:napuM
apravqwwi,swrI,pravqwwi_lenixi^nivqwwi,swrI
aprawiRTa,vi,aprawiRTa,vi
aprawima,napuM,asamAnudu,napuM
praBAva,puM,praBAvamu^kAMwi^sAmarWyamu,puM
apunarAvqwwi,swrI,maroka_janma_lenixi^mukwi,swrI
arAga,,rAga_rahiwa,
xveRawaH,,xveRamuwo,
arWa,puM,,puM
arWin,puM:napuM,Xanikudu^arWiMcuvAdu^yAcakudu,puM:napuM
arWa-kAma,,,
saFcaya,puM,samUhamu,puM
vyapASraya,,ASrayiMcuta,
arc1,,,
arh1,,,
arisUxana,puM,arisUxanudu^Sawqvulanu_nASamu_ceyuvAdu,puM
arjuna,puM,arjunudu,puM
arpaNa,napuM,arpaNamu^samarpaNamu,napuM
arpiwa,napuM:puM,arpiwamu^arpaNamu,napuM:puM
aryaman,puM,sUryudu^piwqxevawa,puM
as1,,,
as2,,,
asWira,napuM,sWiramu_kAnixi,napuM
asaMSaya,napuM:puM,saMSayamu_lenixi,napuM:puM
asaMyawAwman,puM,iMxriya_nigrahamu_lenivAdu,puM
asakwa,,Asakwi_lenivAdu,
asakwa-Awman,,,
asakwa-buxXi,,,
asakwi,swrI,Asakwi_lekuMduta,swrI
asamarWa,napuM:puM:swrI,asamarWawa,napuM:puM:swrI
asaw,napuM,nijamu_kAnixi^xuRtudu,napuM
asawya,napuM,asawyamu,napuM
asax,,,
grAha,,grahiMcuta^grahiMcuvAdu,
asax-kqw,,,
asiwa,puM,nalupu^nIlamu^Sani_grahamu^weVlupu_kAnixi,puM
parama,napuM:puM:swrI,parama^muKya^aXika,napuM:puM:swrI
asmaw-para,,,
asmax,,,
ASraya,napuM:puM,Asrayamu^nivAsamu^AXAramu,napuM:puM
asmax-BAva,,,
asmax-Bakwa,,,
asmax-Bakwi,,,
anugraha,napuM:puM,anugrahiMcuta^xaya_cUputa,napuM:puM
asmax-arWa,,,
asmax-arpaNa,,,
asmax-ciwwa,,,
asmax-gawa,,,
prANa,puM,prANamu^jIvamu^prANa_vAyuvu,puM
asmax-karman-kqw,,,
asmax-manas,,,
parAyaNa,,parAyaNudu^Asriwudu,
asmax-para,,,
asmax-parama,,,
prasAxa,puM,prasAxamu^anugrahamu^kqpa,puM
asmax-sWa,,,
saMsWA,swrI,saMsWa,swrI
vyapASraya,,ASrayiMcuta,
yAjin,,yAgamu_ceyuvAdu,
asmax-yoga,,,
asmaxIya,napuM,mana,napuM
avAcya,,ceVdu_mAta,
vAxa,puM,vAxana^carcA^mAtalAduta,puM
avaSa,puM,vaSamu_kAnixi^parAXInudu^svawaMwrudu,puM
ava_Ap1,,,
ava_IkR1,,,
ava_SiR2,,,
ava_gam1,,,
ava_jFA1,,,
ava_jFA2,,,
ava_sWA1,,,
ava_sax1_Nic,,,
ava_swamB1,,,
avahAsArWa,,cirunavvu_koVraku,
avani,,avani^Bumi^pqWivi,
pAla,,pAlana^pAlakudu,
safGa,,safGamu^samUhamu,
avara,napuM:puM,pascima^nIcamEnaxi,napuM:puM
avyakwA,swrI,vyakwamu_kAnixi,swrI
avyakwa,puM:napuM,vyakwamu_kAnixi,puM:napuM
avyakwa-Asakwa-cewas,,,
Axin,,Axi^moxalu,
mUrwi,puM:swrI,mUrwi^prawima,puM:swrI
niXana,napuM,niXi^Asrayamu,napuM
saFjFaka,napuM:puM,peru,napuM:puM
avyaya,puM:napuM,avyayamu,puM:napuM
avyaya-Awman,,,
awIva,,awIva^cAlA^aXikamu,
awaH,,aMxuvalla^AkAraNaMgA,
awanxriwa,puM,jAgrawa_kalavAdu,puM
awapaska,puM,wapassu_vismariMcuvAdu,puM
awi-aSnaw,,,*
axBuwa,napuM:puM,axBuwamu,napuM:puM
awi-inxriya,,,
awi-nIca,,,
svapna,puM,svapnamu,puM
Sila,napuM:puM,Sila^svaBAvamu,napuM:puM
awi_i1,,,
awi_ric1,,,
awi_uw_Sri1,,,
awi_vqw1,,,
awi_wQ1,,,
awra,,ikkada,
awyanwa,puM,awyanwamu,puM
awyarWa,puM,awyaXikamu^awyanwamu,puM
axBuwa,napuM:puM,,napuM:puM
axamBiwva,napuM,kapatamu_lekapovuta,napuM
axas,napuM:puM:swrI,aMxuvalla^axi^ixi,napuM:puM:swrI
axqRta-pUrva,,,
axya,,ivAlYa,
ayajFa,puM,yajFamu_kAnixi,puM
ayana,napuM,ayanamu^gamanamu^mArgamu,napuM
ayawi,puM,yawi_kAnivAdu,puM
ayogawaH,,veru_ceyuta^ayogyawa,
bAhya,napuM:puM,bAhyamu^veVlupala,napuM:puM
sparSa,puM,sparSa,puM
bAla,napuM:puM,bAla^bAludu,napuM:puM
bIja,napuM,bIjamu,napuM
praxa,,xAwa,
bahiH,,bayata^bAhyamu,
bahu,napuM:puM:swrI,bahu^aXikamu,napuM:puM:swrI
SAKA,swrI,,swrI
uru,,,*
pAxa,puM,pAxamu,puM
mawa,napuM:puM,mawamu,napuM:puM
uxara,napuM:puM:swrI,,napuM:puM:swrI
bahu-vakwra-newra,,,
xaMRtrA,swrI,kora_palYlYu,swrI
karAla,napuM:puM,BayAnakamu^BayaMkara^viswqwa,napuM:puM
bahuXA,,bahu_viXamuluga,
bahula,,bahulamu,
AyAsa,napuM:puM,prayAsa^prayawnamu^Srama,napuM:puM
bahuviXa,napuM:puM,bahuviXamuluga,napuM:puM
bala,napuM:puM,balamu,napuM:puM
balavaw,,balamuwo,
banX1,,,
banXa,puM,baMXamu^baMXanamu,puM
banXu,puM,baMXuvu,puM
bawa,,Sokamu^xuHKamu^Ascaryamu,
baxXa,napuM:puM:swrI,baxXudu^kattabadinaxi,napuM:puM:swrI
bqhaw,napuM:puM:swrI,goppaxi^pexxaxi,napuM:puM:swrI
pawi,puM,pawi^Barwa,puM
sAman,napuM,mqxuwvaM^sAmavexaM,napuM
brAhmI,swrI,sarasvawi^vAkku,swrI
brAhmaNa,puM,brAhmaNudu,puM
kRawriya,puM,kRawriyudu,puM
viS,napuM:puM,vESyudu,napuM:puM
brU1,,,
brahma-BUwa,,,
brahma-BUya,,,
brahma-agni,,,
nirvANa,,nirvANamu^mukwi^mokRamu,
vAxin,puM,,puM
brahmacArin,napuM:puM:swrI,brahmacAri,napuM:puM:swrI
vrawa,napuM:puM,vrawamu^niyamamu,napuM:puM
brahmacarya,napuM,brahmacaryamu,napuM
brahman,napuM:puM,brahmamu,napuM:puM
brahman-BUwa,,,
brahman-BUya,,,
brahman-agni,,,
brahman-karman,,,
samAXi,puM,samAXi^manolayamu,puM
brahman-nirvANa,,,
sUwra,napuM,sUwramu,napuM
paxa,napuM,paxamu^Bagamu,napuM
saMsparSa,,sparSa,
brahman-uxBava,,,
brahman-vix,,,
brahman-yoga-yukwa-Awman,,,
buX2,,,
buX2_Nic,,,
buXa,puM,buXudu^paMdiwudu,puM
buxXi,swrI,,swrI
Bexa,puM,Bexamu,puM
buxXi-grAhya,,,
buxXi-nASa,,,
buxXi-saMyoga,,,
buxXi-yoga,,,
buxXi-yukwa,,,
buxXimaw,puM,,puM
cAnxramasa,puM,cAMxramAsa^caMxruniwo_lekkiMcu_mAsamu,puM
cApa,napuM,Xanussu,napuM
cAwurvarNya,napuM,cawurvarNamulu^brAhmaNaxulu,napuM
cEla,,vaswramu,
ajina,,carmamu,
kuSa,puM,kuSa^xarBamu,puM
uwwara,napuM:puM,uwwaramu^uwwarapu_xikku,napuM:puM
cUrNiwa,napuM,cUrNamu^podi,napuM
ca,,marayu,
ca/ca,,,
caFcala,puM,caFcalamu,puM
caFcalawva,napuM,caFcalawvamu,napuM
cakRus,napuM,cakRuvu^kannu^newramu,napuM
cakra,puM,cakramu,puM
haswa,puM,haswamu,puM
cakrin,puM,cakri^cakramu_XariMcuvAdu^viRNuvu^kummari,puM
cal1,,,
cala,napuM:puM,cala^kaxaluta,napuM:puM
caliwa,napuM:puM,caliwamu^kaxalika,napuM:puM
camU,swrI,sena,swrI
canxramas,puM,caMxrudu,puM
car1,,,
carAcara,,carAcara,
cara,napuM:puM:swrI,caramu^kaxulunaxi^wirugunaxi,napuM:puM:swrI
cawur,puM:swrI,cAwuryamu^nAlugu,puM:swrI
cawur,puM:swrI,cAwuryamu^nAlugu,puM:swrI
cawur-viXa,,nAlugu_viXamuluga,
ceRt1,,,
ceRtA,swrI,ceRta,swrI
cekiwAna,puM,cAndramAsa,puM
cew,,atula_ayinaco,
cewanA,swrI,cewanamu,swrI
cewas,napuM,ciwwamu^manassu,napuM
ci1,,,
cikIrRu,puM,ceya_icca_kalavAdu,puM
cinw1,,,
cinwA,swrI,ciMwa^walapu^xigulu^Alocana,swrI
ciwraraWa,puM,sUryudu,puM
ciwwa,napuM:puM,ciwwamu,napuM:puM
cyu1,,,
eXas,napuM,iMXanamu^samiXa,napuM
ekA,swrI,,swrI
ekAgra,puM,ekAgrawa,puM
ekAkin,puM,ekAki,puM
ekAnwa,napuM:puM,ekAMwamu,napuM:puM
ekAnwika,napuM,,napuM
eka,napuM:puM:swrI,oVkati,napuM:puM:swrI
eka-Bakwi,,,
aMSa,puM,aMSamu,puM
akRara,napuM,akRaramu,napuM
eka-sWa,,,
ekawva,napuM,aBexamu^oVkatigA_uMduta,napuM
eva,,itulane^I_viXamugane,
evam,,ixi_mAwrameV,
evam-rUpa,,,
evam-viXa,,,
ewAvaw,napuM:puM,,napuM:puM
ewax,napuM:puM:swrI,ixi,napuM:puM:swrI
ewax-yonin,,,
gANdIva,puM,gANdIvamu,puM
gAwra,napuM,avayavamu^SarIramu,napuM
gAyawrI,swrI,gAyawri,swrI
gE1,,,
gQ2,,,
gahanA,swrI,xattamEna^guha^kaRtamu,swrI
gajenxra,napuM:puM,gajeMxrudu,napuM:puM
gam1,,,
ganXa,puM:napuM,ganXamu^vAsana,puM:napuM
ganXarva,puM,ganXarvudu,puM
yakRa,puM,yakRudu,puM
asura,puM,asurudu^rAkRasudu,puM
sixXa,napuM:puM,sixXi_kalavAdu^sixXiMcinaxi,napuM:puM
garBa,puM,garBamu,puM
garIyas,napuM,GanamEnaxi,napuM
gawa,,gawa^gawiMcinaxi,
Agawa,napuM:puM,poMxabadinaxi,napuM:puM
asu,napuM,prANamu,napuM
rasa,puM,rasa,puM
safga,puM,safgamu^melanamu,puM
sanxeha,puM,saMxehamu,puM
vyaWa,,vyaWa^bAXa^kleSamu,
gawi,swrI,gawi^calanamu^poka,swrI
gaxin,puM:swrI,gaxAXAri,puM:swrI
geha,napuM,gqhamu^illu^SarIramu,napuM
gir,swrI,,swrI
glAni,swrI,alasata,swrI
go,puM:swrI,Avu,puM:swrI
govinxa,puM,goviMxa,puM
grah1,,,
gras1,,,
grasiRNu,napuM,winuvAdu^mriMguvAdu,napuM
guNa,puM,guNamu,puM
guNa-Bokwq,,,
guNa-anviwa,,,
awIwa,napuM:puM,awIwamu^gadacinaxi,napuM:puM
guNa-karman,,,
viBAga,,viBAgamu,
viBAgaSaH,,viBAgamunuMdi,
guNa-pra_vqX1,,,
safKyAna,,safKya,
guNa-safga,,,
guNa-sammUDa,,,
BexawaH,,Bexamuvalana^Bexamu,
guNamayI,swrI,saxguNamulu_kalavAdu,swrI
guNamaya,napuM:puM,saxguNamulu_kalavAdu,napuM:puM
guNawaH,,guNamulaku_anuguNaMga,
gudAkeSa,puM,arjunudu,puM
guhya,napuM:puM:swrI,guhyamu^rahasyamu,napuM:puM:swrI
guhya-wama,,,
guhyawama,napuM,,napuM
guhyawara,napuM,,napuM
guru,puM,guruvu^baruvu^muKyamu,puM
hA2,,,
hAni,swrI,hAni,swrI
ha,,ha,
han1,,,
han1_Nic,,,
hanwa,,ayyo,
hanwq,puM,hiMsiMcuvAdu,puM
hanyamAna,napuM,caMpabaduta,napuM
harRa,puM,harRamu,puM
Soka,puM,Sokamu,puM
amarRa,,asahanaSilamu^kopamu,
uxvega,puM,uxvegamu,puM
hari,puM,hari,puM
haswa,puM,haswamu,puM
haswin,puM,woVMdamukalaxi^enugu,puM
havis,napuM,havis^homa_xravyamu,napuM
haya,puM,hayamu^gurramu,puM
he,,he,
hewu,puM,hewuvu,puM
hewumaw,puM,,puM
hi,,niScayamu,
hiMs1,,,
hiMsA,swrI,hiMsa,swrI
Atmaka,,svaBAvikamu,
himAlaya,puM,himAlayamu,puM
kAmyA,swrI,kAmyamu^korika,swrI
hq1,,,
hqR1,,,
hqRIkeSa,puM,hqRIkeSudu^viRNuvu,puM
hqRta,napuM:puM,harRamu,napuM:puM
roman,napuM,romamu^cinna_veVMtruka,napuM
hqw,,hariMcunaxi,
hqwa-jFAna,,,
hqx,napuM,manassu^hqxayamu^Cawi,napuM
xeSa,puM,xeSamu,puM
hqxaya,napuM:swrI,hqxayamu,napuM:swrI
xOrbalya,napuM,xOrbalyamu^balahInawa,napuM
hqxya,napuM,manassuku_hiwamEnaxi,napuM
hrI,swrI,siggu^lajja,swrI
hu1,,,
i1,,,
iR2,,,
iRta,napuM:puM,iRtamu,napuM:puM
aniRta,napuM:puM,ayiRtawa^ayiRtamu,napuM:puM
upapawwi,,kAraNaM^xqRtAMwamu,
iRta-kAma-Xuk,,korikalu_wIrcedi_Xenuvu,
iRu,puM,bANamu,puM
icCA,swrI,icCa^iRtamu^korika,swrI
icCA-xveRa-samuwWa,,icCa_xveRamulawo_uxBaviMcinaxi,
ifg1,,,
iha,,ihamu^I_lokamu,
ijyA,swrI,yAgamu^xAnamu,swrI
ikRvAku,puM,ikRvAku_vaMSaM,puM
inxriyArWa,puM,inxriya_viSayamu,puM
inxriya,napuM,inxriyamulu^wvagAxi_inxriyamulu,napuM
ArAma,,vanaM^wota^krIdA_praxeSamu,
gocara,napuM:puM,gocaramu,napuM:puM
grAma,puM,samUhamu,puM
iva,,valeV,
iwaH,,iMwakaMteV^ikkada_nuMdi^ika_mIxa,
iwara,puM,iwara,puM
iwi,,ani^itlu^I_viXaMgA,
ixAnIm,,ippudu,
ixam,napuM:puM:swrI,ixi^I,napuM:puM:swrI
jAgq1,,,
jAhnavI,swrI,jAhnavI^gaMga,swrI
jAwa,napuM:puM,puttinaxi^samUhamu,napuM:puM
jAwi,swrI,kulamu^puttuka^sAmAnyamu,swrI
jAwu,,oVkappudu^niMxa,
jFA1,,,
jFA2,,,
jFAnAgni,,jFAnAgni,
jFAna,napuM,jFAnamu,napuM
xagXa,,kAlcabadinaxi,
jFAna-asi,,,
jFAna-avasWiwa-cewas,,,*
jFAna-cakRus,,,
jFAna-gamya,,,
nirXUwa,,viduvabadinaxi^Upabadinaxi,
kalmaRA,,kalmaRamu^pApamu,
saFCinna,,CinnABinnamu_ceyu^mukkalu_ceyu,
saMSaya,puM,saMSayamu,puM
safga,puM,safgamu^kaliyunaxi^kUduta,puM
vijFAna,napuM,vijFAnamu^jFAnamu,napuM
nASana,puM:napuM,nASanamu,puM:napuM
wqpwa,napuM:puM,wqpwi_poMxinaxi,napuM:puM
xIpa,puM:swrI,xIpaM,puM:swrI
xIpiwa,napuM:puM,prakASiMpabadinaxi,napuM:puM
vyavasWiwi,swrI,vyavasWAnaM,swrI
plavana,,wariMcuta^Ixuta,
jFAnavaw,puM,jFAnamu_kaligiuMduta,puM
jFAnin,puM,jFAni,puM
jIrNa,napuM:puM:swrI,jIrNa^vqxXudu^SiWilamu^pAwaxi,napuM:puM:swrI
jIv1,,,
jIv1_san,,,
jIva,napuM:puM,jIvamu^prANaM,napuM:puM
jIvana,napuM:swrI,jIvanamu^brawuku_weruvu,napuM:swrI
jIviwa,napuM:puM:swrI,jIviwamu^brawuku^prANaM,napuM:puM:swrI
jaGanya,napuM:puM,civarixi^nIcudu^aXamudu,napuM:puM
jagaw,napuM:puM,jagawwu^lokaM^prapaMcaM,napuM:puM
nivAsa,napuM:puM,nivAsamu,napuM:puM
jan3_Nic,,,
janArxana,napuM:puM:swrI,janArxanudu^viRNuvu,napuM:puM:swrI
jana,puM,janaM,puM
aXipa,,aXipawi,
saMsax,swrI,saBa,swrI
janaka-Axi,,janakudu_moxalugu,
janman,napuM,uwpawwi^puttuka^uxBavamu,napuM
banXa,puM,banXanaM^SarIraM,puM
vinirmukwa,,viduvabadinaxi,
mqwyu,puM,mqwyuvu,puM
jarA,swrI,musaliwanamu^muximi,swrI
vyAXi,puM:swrI,vyAXi,puM:swrI
xoRa,puM,xoRamu,puM
anuxarSana,,xaggaragA_cUcuta^nirIkRiMcuta,
janwu,puM,janwuvu,puM
japa,puM,japamu,puM
maraNa,napuM,maraNamu,napuM
jaya,napuM:puM:swrI,jayamu,napuM:puM:swrI
ajaya,,parAjayaM^ajayaM,
jayaxraWa,puM,jayaxraWudu,puM
ji1,,,
ji1_san,,,
jijFAsu,napuM:puM,,napuM:puM
jiwa,,jayiMpabadinaxi,
juR2,,,
jvalana,napuM:puM,prakAsiMcunaxi^maMta,napuM:puM
jvalaw,napuM,prakASamu_kalaxi,napuM
jyAyas,napuM:puM,SreRTudu^agrajudu^vqxXudu,napuM:puM
jyAyasI,swrI,SreRTurAlu^agrajurAlu^vqxXurAlu,swrI
jyowis,napuM:puM,jyowi^prakASamu^agni^velugu,napuM:puM
kASirAja,puM,kAsirAju,puM
kASya,napuM,kASi_rAjyapu,napuM
kAfkR1,,,
kAla,napuM:puM,kAlamu,napuM:puM
anala,puM,agni^jaTarAgni,puM
sanniBa,,samAnamu,
kAma,puM:swrI,kAmaM,puM:swrI
Boga,napuM:puM,Bogamu^suKamu,napuM:puM
hEwuka,napuM:puM,hewuvAxamu_kalavAdu,napuM:puM
kAma-ipsu,,,Is it Ipsu ?
kAma-kAma,,,
kAmin,puM:puM,kAmiMcuvAdu^korika_kalavAdu,puM:puM
kAma-kAra,,yaWeRtaMgA_pravarwiMcuvAdu,
parAyaNa,,aBIRtamu^Asakwi,
uxBava,puM,uxBaviMcunaxi,puM
viyukwa,puM,veru_ceyabadinaxi^vicCinnamEnaxi,puM
rAga,puM,rAga^xuRta^mAwsaryamu,puM
bala,napuM:puM,balaM,napuM:puM
anviwa,vi,anusariMcunaxi,vi
vivarjiwa,napuM:puM,vaxilipettabadinaxi^ivvabadinaxi,napuM:puM
safkalpa,puM,safkalpamu^icCASakwi^mAnasika_xqDawvaM,puM
varjiwa,napuM:puM,vaxilipettabadinaxi^ivvabadinaxi,napuM:puM
upaBoga,,upaBogaM^suKaM,
parama,napuM:puM:swrI,praXAnaM^AxyaM,napuM:puM:swrI
kAmakAra,napuM:puM,yaWeRtaMgA_pravarwiMcuvAdu,napuM:puM
kAmya,napuM,korika^koraxaginaxi,napuM
kAraNa,napuM,kAraNaM^hewuvu,napuM
kArpaNya,napuM,kqpaNawvaM,napuM
upahawa,,nASamu_poVMxinaxi^gAyapadinavAdu,
svaBAva,puM,svabAvaM,puM
kArya,napuM:puM,kAryaM^pani,napuM:puM
akArya,napuM:puM,ceddapani,napuM:puM
karwqwva,napuM,karwqBAvaM,napuM
kAya,napuM:puM,kAyamu^Sariramu^kAya,napuM:puM
grIva,puM,kaNTamu,puM
kleSa,napuM:puM,kleSaM^kaRtaM^vexana^xuHKaM,napuM:puM
kIrwi,swrI,kIrwi,swrI
kOSala,napuM,kuSalawa^prasannawa,napuM
kOmAra,napuM,kumArAvasWa,napuM
kOnweya,puM,kuMwI_puwrudu,puM
kRAnwi,swrI,gawi^gamanaM,swrI
kRAwra,napuM,kRawriya_jAwi,napuM
kRI1,,,
kRINa,napuM:puM:swrI,SakwihInaM^xurbalaM,napuM:puM:swrI
kalmaRa,napuM:puM,kalmaRaM^malinaM,napuM:puM
kRaNa,napuM:puM,kRaNaM,napuM:puM
kRam1_Nic,,,
kRamA,swrI,kRama^pqWvI^sahanaM,swrI
kRamin,puM,sahanaSIludu^kRamiMcuvAdu,puM
kRara,puM:napuM,Bumi^meGamu,puM:napuM
kRawriya,puM,kRawriyudu,puM
kRaya,napuM:puM:swrI,kRaya^nASamu,napuM:puM:swrI
kRemawara,napuM,kRemaM^rakRaNa^suKaM,napuM
kRewra,napuM,Bumi^sWAnaM^paMtaBUmi,napuM
kRewra-jFa,,nerpari^jIvAwma,
saMyoga,puM,saMyogaM^kalayika^saMgamaM,puM
kRewrin,puM,BUsvAmi^Barya_kalavAdu,puM
kRip2,,,
kRipram,,SIGraM^vegaM,
kRuxra,puM,"sUkRmaM,puM
kUrma,puM,wAbelu^viRNu_avawAraM^,puM
kUtasWa,napuM:puM,parabrahma^Awma^kAlamuwo_mAranixi,napuM:puM
kaSmala,napuM:puM,malinaM^kaSmala^pApamu^aSuxXaM,napuM:puM
kaWa1,,,
kaWam,,elA,
kacciw,,kaxa,
kal2_Nic,,,
kalevara,napuM:puM,kalevaraM^SarIraM,napuM:puM
kalpa-Axi,,kalpAxi^kalpAraMBamu,
kalpa-kRaya,,sqRti_nASamu^kalpa_kRayamu,
kalyANa-kqw,,maMgalYapraxaM^lABaxAyakaM,
kamala-Asana-sWa,,kamalAsanudu^kamalamu_AsanamugA_kalavAdu,
kamala-pawra-akRa,,kamalapawrAkRudu^kamalapawramu_vaMti_newramu_kalavAdu,
kanxarpa,puM,manmaWudu,puM
kapi-Xvaja,,kapiXvajudu,
kapila,puM,kapila_varNaM,puM
karNa,puM,karNudu,puM
karaNIyA,swrI,ceyabadAli,swrI
karaNa,napuM,kriya^Xarmika_kqwyaM,napuM
wyAga,puM,wyAgamu,puM
coxanA,,prerepiMcuta,
safgraha,puM,safgrahaM^sekariMcu,puM
karmajA,swrI,karmalanuMci_puttinaxi,swrI
karmaja,napuM,karmalanuMci_puttinaxi,napuM
karman,napuM,kAryaM^PalaM,napuM
Asafga,,ASrayaM^anurAgaM^sAhacaryaM,
prepsu,,poVMxavalenani_korika_kalavAdu,
saMyoga,puM,kalayika^saMgamu,puM
wyAgin,puM,wyAgi^xAwa,puM
banXana,napuM,banXanaM^kattu,napuM
saFjFiwa,napuM:puM,peru_galaxi,napuM:puM
safgin,napuM:puM,snehaSIludu,napuM:puM
sannyAsa,puM,sannyAsamu,puM
karmin,puM,pani_ceyuvAdu,puM
karuNa,napuM:puM,karuNa^kanikaramu,napuM:puM
karwq,puM,ceyuvAdu_sqRtikarwa,puM
katu,napuM:puM:swrI,gAtu^kAramu,napuM:puM:swrI
Amla,,pulupu,
lavaNa,napuM:puM,lavaNamu^uppu,napuM:puM
awyuRNa,,eVkkuva_vedi^xahiMcunaxi,
wIkRNa,napuM:puM,wIkRNamu,napuM:puM
rUkRa,puM,karuku^paruRaM,puM
vixAhin,,kAlcuvAdu,
kavi,puM,kavi^paMdiwudu,puM
kawaraw,napuM:puM,,napuM:puM
kaxAcana,,oVkappudu,
kaxAciw,,oVkappudu,
keSava,puM,keSavudu,puM
keSiniRUxana,puM,keSiniRUxanudu^viRNuvu,puM
kevala,napuM:puM,kevalaM,napuM:puM
kiFcana,napuM:puM:swrI,koVMceVM,napuM:puM:swrI
kiFciw,napuM:puM:swrI,koVMceVM,napuM:puM:swrI
kilbiRa,napuM,wappu^pApamu^ceVdu_viRayaM,napuM
kim,napuM:puM:swrI,emiti,napuM:puM:swrI
AcAra,puM,AcaraNaM^vyavahAraM,puM
kirItin,puM,arjunudu^kirItamu_XariMcuvAdu,puM
klEbya,napuM,pirikiwanamu^klEbyaM,napuM
kleSa,napuM:puM,xuHKaM^kaRtaM^bAXa,napuM:puM
klix1_Nic,,,
kq3,,,
kq3_Nic,,,
kqR1,,,
kqR1_Nic,,,
kqRNa,napuM:vi:puM,kqRNudu^nalupu^xrOpaxi^kqRNA_naxi,napuM:vi:puM
kqRi,swrI,kqRi^sexyamu^Srama^vyavasAyamu,swrI
gO,,,*
rakRya,,rakRiMpaxaginaxi,
vANijya,napuM,vANijyaM^vyApAramu^varwakamu,napuM
kqp1,,,
kqpA,swrI,kqpa^xaya^kanikaraM,swrI
kqpa,puM,kqpa^xaya^kanikaraM,puM
kqpaNa,napuM:puM:swrI,kqpaNudu^loBi^kuwsiwudu,napuM:puM:swrI
kqw1,,,
kqwa,napuM:puM:swrI,ceyabadinaxi^karma_PalaM^oka_yugamu,napuM:puM:swrI
aFjali,swrI,aFjali^cewulu_jodiMci_namaskariMcuta,swrI
anwa,napuM:puM,aMwamu,napuM:puM
kqwya,napuM:puM,ceRta^kAryamu^ceyuta^pani,napuM:puM
kqwsna,napuM,aMwayu^jalamu,napuM
kqwsnavaw,napuM,aMwayu^jalamu,napuM
krUra,napuM:puM:swrI,krUra^nirxaya^hiMsiMcuta,napuM:puM:swrI
krawu,puM,yajFamu^ceyabadunaxi,puM
kriyA,swrI,ceRta^pani^kriya,swrI
kroXa,napuM:puM,kroXamu,napuM:puM
kuSala,napuM:puM:swrI,kuSalaM,napuM:puM:swrI
kula,napuM,kulaM,napuM
kulaGna,napuM:puM,kulamunu_nASamu_ceyuvAdu,napuM:puM
kunwi-puwra,,kunwi_puwrudu,
kunwiBoja,puM,kunwiBojudu,puM
kuru,puM,kuru_xeSaM,puM
pravIra,,uwkqRta yoXudu^pUjyudu,
vqxXa,napuM:puM,vqxXudu^pexxaxi,napuM:puM
kurunanxana,puM,kurunaMxanudu,puM
kurusawwama,puM,kurusawwamudu^kuruSreRtudu,puM
kusumAkara,puM,uxyAnaM^vasaMwa_qwu,puM
kuwaH,,ekkadanuMdi^eMxuku,
kvaciw,,appudappudu^koMceM,
lABa,puM,lABaM,puM
lABa-alABa,,lABAlABaM,
lAGava,napuM:puM,lAGavaM^culakana,napuM:puM
laB1,,,
laGvASin,puM,,puM
lakRaNa,napuM,lakRaNaM,napuM
lifga,napuM,lifgaM,napuM
lih1_san,,,
lip1,,,
loBa,napuM:puM,loBaM^Asa,napuM:puM
loka,napuM:puM,lokaM,napuM:puM
wraya,napuM:puM:swrI,mUdu,napuM:puM:swrI
lubXa,napuM:puM,loBi,napuM:puM
lupwa,,lopiMcinaxi^lupwaM,
piNda,,piNdaM,
uxakakriyA,,jalawarpaNaM^uxakakriya,
mA,swrI,walli^lakRmi^nivAraNamu,swrI
mAXava,puM,mAXavudu,puM
mAhAwmya,napuM,mAhAwmyaM^goppaxanaM,napuM
mAmaka,puM,mA_vAdu^mAxi,puM
mAmikA,swrI,mA^mAxi,swrI
mAna,puM,AxaraNa^ahaMkAraM^prawiRtA,puM
apamAna,napuM:puM,anAxaraNa,napuM:puM
mAnasa,puM,manassu,puM
mAnava,puM,mAnavudu^maniRi^manu_saMbaMXa,puM
mAnuRI,swrI,Ada_maniRi,swrI
mAnuRa,puM,maniRi^manavudu^puruRudu,puM
mArgaSIrRa,puM,mArgaSira_mAsaM,puM
mAruwa,napuM:puM,vAyuvu^gAli,napuM:puM
mArxava,napuM,mqxuwvaM^sukumArawa^meVwwana,napuM
mAsa,puM,mAsaM^neVla,puM
mAwq,swrI,walli^Avu^lakRmi,swrI
mAwrA-sparSa,,Bowika_saMparkaM,
mAwula,puM,menamAma,puM
mAyA,swrI,mAya,swrI
mEwra,puM,mEwri^miwrudu^sneha_BAvaM,puM
mOna,napuM,mOnaM,napuM
mOnin,puM,mOnaM^mOnavrawaM_AcariMcevAdu,puM
mUDa,puM,mUDudu^mUrKudu^ajFAni,puM
yoni,puM,garBASrayaM^janmasWAnaM,puM
mUla,napuM,mUlamu^moVxalu,napuM
mUrXan,puM,mUrXamu^sirassu^wala,puM
mUrwi,puM:swrI,mUrwi^SarIraM^prawima,puM:swrI
maNi,puM,ABURaNaM^rawnamu,puM
gaNa,puM,gaNamu^samUhamu^vargamu,puM
maXusUxana,puM,maXusUxanudu,puM
maXya,napuM:puM,maXya,napuM:puM
mahAbAhu,napuM:puM,mahAbAhu^balamEna_Bujamulu_kalavAdu,napuM:puM
mahAn-SafKa,,mahASaMKaM,
mahAn-raWa,,mahAraWudu,
mahAnuBAva,napuM:puM,mahAnuBAvudu,napuM:puM
mahAraWa,puM,mahAraWudu,puM
mahAwman,napuM:puM,mahAwmudu,napuM:puM
mahI,swrI,Bumi^mahi,swrI
mahIkRiw,puM,rAju^praBuvu,puM
mahaw-aSana,,vyApwi^goppa_Akali,
bAhu,puM,Bujamu,puM
iRvAsa,puM,villu^Xanussu^vilukAdu,puM
pApman,puM,pApamu,puM
qRi,puM,qRi,puM
mahawI,swrI,goVppaxi^nAraxuni_vINa,swrI
mahax,,goVppa,
mahax-Awman,,,
BUwa,puM:napuM,paFcaBUwamulayaMxu_oVkati,puM:napuM
yogeSvara,puM,yogeSvarudu,puM
maheSvara,puM,maheSvarudu,puM
mahiman,puM,goppawanamu^Esvaryamu,puM
makara,puM,makaramu^moVsali,puM
mala,puM,malamu,puM
man1,,,
man2,,,
manIRin,puM,buxXimaMwudu^vixvAMsudu,puM
RaRTa,napuM:puM,Aravaxi,napuM:puM
manmaya,puM,nAnuMci,puM
manoraWa,puM,manoraWaM,puM
manu,puM,manu^buxXi,puM
manuRya,puM,maniRi^manuRya_jAwi,puM
loka,napuM:puM,lokaM,napuM:puM
manwra,puM,maMwraM,puM
hIna,napuM:puM,hInamu^wakkuvEnaxi,napuM:puM
manxa,napuM:puM,maMxa^paSu_samUhamu,napuM:puM
marIci,puM,sUryudu^kiraNamu,puM
maraNa,napuM,maraNaM,napuM
maruw,puM,vAyuvu^gAli^,puM
marwya,puM,naSiMcunaxi^BUlokaM^mAnavudu,puM
maw,,nA^nAnuMdi,
mana,,manassu,
mawa,napuM:puM,mawaM^aBiprAyaM^sammawaM,napuM:puM
mawi,swrI,mawi^buxXi^icCa,swrI
mawwa,puM,maxamu^mawwu,puM
maxa,napuM:puM,maxamu^mawwu,napuM:puM
meXA,swrI,meXassu^XAraNA_Sakwi^buxXi,swrI
meXAvin,puM,meXAvi,puM
meru,puM,meru_parvawaM,puM
miSra,puM,miSraM,puM
miWyA,,miWya,
miwra,napuM:puM,sUryudu^miwrudu,napuM:puM
ari,puM,Sawruvu,puM
pakRa,napuM:puM,prakka^paxihenu_rojulu,napuM:puM
xroha,puM,xrohaM,puM
moGa,napuM,vyarWaM^nirarWakaM,napuM
ASa,napuM,Asa,napuM
moha,puM,mohaM,puM
jAla,napuM,jAlaM,napuM
samAvqwa,napuM:puM,cuttabadinaxi,napuM:puM
kalila,napuM:puM,aCexya^xattamEna,napuM:puM
mohana,puM:napuM,mohiMpa_ceyuvAdu,puM:napuM
mohinI,swrI,mohinI,swrI
mokRa,puM,mokRamu,puM
mq1,,,
mqga,puM,mqgaM,puM
mqgenxra,puM,mqgenxrudu,puM
mqwa,puM,mqwa^maraNaM^cAvu,puM
mqwyu,puM,mqwyuvu^yamudu,puM
saMsAra,puM,saMsAraM,puM
sAgara,puM,sAgaraM,puM
varwman,napuM,mArgaM^wrova,napuM
muKa,napuM,muKaM,napuM
muKya,napuM:puM,muKyaM,napuM:puM
muc1,,,
muc1 _Nic,,,
muh1,,,
muh1_Nic,,,
muhuH,,mAtimAtiki,
mukwa,napuM:puM,mukwi_noVxuta,napuM:puM
mumukRu,puM,mokRaM_korevAdu,puM
muni,puM,muni,puM
mux1,,,
nASa,puM,nASiMcu,puM
nASana,puM:napuM,nASanamu,puM:napuM
nAga,napuM:puM,nAga^pAmu^enugu,napuM:puM
nAman,napuM,peru,napuM
nAnA,,nAnA^viviXamEna^anekaM,
praharaNa,napuM,kottuta^AyuXaM,napuM
Akqwi,swrI,Akqwi^rUpaM,swrI
viXa,napuM:puM,viXamu,napuM:puM
nArI,swrI,nAri,swrI
nAraxa,puM,nAraxudu,puM
nAsA,,mukku,
aByanwara,napuM,maXyana^lopala,napuM
cArin,napuM:puM,AcariMcuvAdu^saMcariMcuvAdu,napuM:puM
agra,napuM:puM,moVxatixi^muKyamu,napuM:puM
nAyaka,puM,nAyakudu,puM
nERTikI,swrI,niRTa_kalavAdu,swrI
nERkarmya,napuM,kriya_hInawa^niRkAma_karmalu_ceyuta,napuM
nERkqwika,puM,,puM
nI1,,,
nIwi,swrI,nIwi,swrI
nO,swrI,nAva^oda,swrI
na,,kAxu^vaxxu,
ASriwa,,Asrayamu_poVMxinavAdu,
Aximaw,,praWamam^AraMBaM,
na-Axiwva,,,*
na-Baj1,,,
SASvawa,napuM,SASvawaM,napuM
vihiwa,napuM:puM,viXiMpabadinaxi,napuM:puM
Sakwa,napuM:puM,Sakwudu^samarWudu^prayojaku,napuM:puM
Sama,napuM:puM,Sanwi^mUgaBAvaM,napuM:puM
SraxxaXAna,napuM:puM,SraxXAyukwudu,napuM:puM
SuSrURu,napuM:puM,vinavalenani_korika_kalavAdu,napuM:puM
Suci,puM:swrI,svacCa^SuxXaM,puM:swrI
Xruva,puM,sWiraM^xqDaM^Xruvudu,puM
aBisanXa,,vaFcakudu^niMxakudu,
ahaMvAxin,,,*
ahafkAra,puM,ahaMkAraM,puM
anyA,swrI,BinnaM^veru,swrI
gAmin,,velYlYvAdu,
apekRa,,apekRa^korika^kAMkRa,
na-asUya1,,,
asUyu,,asUyAparudu,
na-ava_Ap1,,,
na-ava_IkR1,,,
na-ava_lok2,,,
mAniwA,,aBimAnaM_kalavAdu^pUjiMpabadinavAdu,
buxXi,swrI,buxXi,swrI
cApala,,capalawvaM,
cira,napuM,cira_kAlaM^cAlA_kAlaM6^pAwa,napuM
hEwuka,napuM:puM,hewuvAxi,napuM:puM
na-iR2,,,
na-jFA2,,,
na-kalmaRa,,kalmaRamu,
na-kq3,,,
buxXiwva,,buxXi^jFAnaM,
na-kuSala,,kuSalaM,
palAyana,napuM,pAripovuta,napuM
parimeyA,,koVluvaxaginaxi^parimiwa,
na-pra_Ap1,,,
prameya,,yaXArWa_viRayaM^prameyaM,
prawIkAra,puM,prawIkAraM^viroXaM,puM
priya,napuM:puM,priyaM,napuM:puM
rawi,swrI,AnanxaM^prema^Bakwi,swrI
saMSaya,puM,saMSayaM,puM
sammUDa,,mUrKawvaM^mUDawvaM,
sammoha,puM,ajFAnaM^mUrKawvaM,puM
sawkqwa,puM,pUjiwa^AwiWyaM,puM
sixXi,swrI,sixXi^saPalawvaMsaMpUrNaM,swrI
sqRtAnna,,,*
upakArin,puM,upakAri^upakAraM_ceyuvAdu,puM
uxvega,puM,uxvegaM,puM
vaSa,napuM:puM,vaSaM,napuM:puM
pUrvaka,,pUrvakaM,
na-vi_Baj1,,,
na-vi_jFA2,,,
na-vi_naS1,,,
vikampa,napuM:puM,caMcala^asWiraM^vaNukuta,napuM:puM
vixvas,puM,vixvAMsudu,puM
vyaBicAra,puM,viruxXa_AcaraNaM^ullaMGanaM,puM
vyaBicAriNI,swrI,vyaBicAriNi,swrI
wawwvArWavaw,,vAswavikaM^yaWArWaM,
xakRiNa,napuM:puM,xakRiNaM,napuM:puM
xroha,puM,xrohaM,puM
xveRtq,puM,xveRi,puM
yaSas,napuM,yaSassu,napuM
yaWAvaw,,yaWAviXaM^niyamAnusAraM,
na-yuj2,,,
naBas,napuM,AkASaM,napuM
spqS,,sparSa^wAkuta,
naRta,napuM:puM:swrI,naRtaM,napuM:puM:swrI
naS1,,,
naS1_Nic,,,
aBiRvafga,,aBiruci^awyAsakwi^sparSa,
nacirAw,,naciraM^kRaNikaM,
nakRawra,napuM,nakRawraM,napuM
nakula,puM,nakuludu^muMgisa^kulaM_lenivAdu,puM
nam1,,,
namaH,,namaskAraM^xaMdamu,
namas_kq3,,,
namasya,puM,pUjanIya^arcanIya^saparya,puM
narAXama,puM,narAXamudu,puM
narAXipa,puM,narAXipawi,puM
nara,puM,narudu,puM
aXama,,aXamudu,
vIra,napuM:puM,vIrudu,napuM:puM
pufgava,puM,puMgavudu^SreRtudu,puM
naraka,napuM:puM,narakaM,napuM:puM
nava,napuM:puM:swrI,nava^wommixi,napuM:puM:swrI
navan,,nava^wommixi,
xvAra,napuM,xvAra,napuM
naxI,swrI,naxi,swrI
vAwa,puM,vAyuvu^vAwa_xoRaM^vAwa,puM
ni-yuj2,,,
niHSreyasa,,niHSreyassu^Sreyassu_kAnixi,
niHspqha,puM,niHspqha^spqha_lekuMduta,puM
niRTA,swrI,niRTa,swrI
niSA,swrI,rAwri^pasupu,swrI
niScalA,swrI,niScalaM,swrI
niScaya,puM,niScayaM,puM
niSciwa,napuM:puM,niSciwaM^niScayiMpabadina,napuM:puM
niXAna,napuM,uMcuta^saMpaxa^niXi,napuM
niXana,napuM,niXanudu^xarixrudu^bIxavAdu,napuM
ni_banX1,,,
ni_buX2,,,
ni_car1,,,
ni_gam1,,,
ni_grah1,,,
ni_han1,,,
ni_miR1,,,
ni_rah1,,,
ni_ruX1,,,
ni_vas1,,,
ni_viS1_Nic,,,
ni_vqw*1,,,
ni_vqw1,,,
ni_yam1,,,
ni_yam3,,,
ni_yuj2,,,
nibanXa,puM,nibanXanaM,puM
nigraha,puM,nigrahaM,puM
nimiwwa,napuM,nimiwwaM^kAraNaM,napuM
mAwra,napuM:puM,mAwra,napuM:puM
ninx1,,,
nir-ASis,,nirASissu^ASIssulu_lekapovuta,
nir-ASraya,,nirASrayaM^ASrayaM_lekapovuta,
nir-AhAra,,nirAhAra^AhAraM_lekapovuta,
nir-agni,,niragni^agni_howraM_ceyanivAdu,
nir-ahafkAra,,nirahafkAri,
nir-guNa,,nirguNa^mUrKudu^paramAwma,
nir-malawva,,SuxXaM,*
nir-mama,,mamakAra_hInudu,
nir-vEra,,vEraM_lenixi,
nir-vikAra,,nirvikArudu^vikAramu_lenivAdu,
nir-xoRa,,nirxoRaM^nirxoRi^xoRaM_lekuMduta,
nir-xvanxva,,rAgaxveRamulu_lenivAdu,
nir-yoga-kRema,,,*
nir_IkR1,,,
nirguNawva,napuM,nirguNa^mUrKudu^paramAwma,napuM
nirmAna,,aBimAnaM_lekapovuta,*
nirmala,napuM:puM,nirmalaM^svacCaM^SuxXaM,napuM:puM
nirmama,napuM:puM,mamakAraM_lekapovuta,napuM:puM
nirvANa,,nirvANaM^mokRaM,
paramA,swrI,parama^muKya^SreRTa,swrI
nirvexa,puM,nirvexaM^nirASa^vErAgyaM,puM
nirxeSa,puM,nirxeSaM^AjFa,puM
nis-spqha,,nispqha^nirASa,
nis-wrEguNya,,anAsakwudu^wriguNamulu_lenivAdu,
nivAsa,napuM:puM,nivAsaM,napuM:puM
nivqwwi,swrI,nivqwwi^viramiMcuta^nivAraNamu,swrI
niwya,napuM:puM,niwyaM,napuM:puM
niwya-aBi_yuj2,,,
sawwvasWa,napuM:puM,sawwvaguNa_viSiRta^uwwama^SreRTa,napuM:puM
niwya-yuj2,,,
niwyaSaH,,niwyaM^saxA,
niwyavErin,napuM,niwyavEri,napuM
nixrA,swrI,nixra,swrI
Alasya,napuM,alasawvaM,napuM
pramAxa,puM,pramAxaM^xurGatana,puM
uwWa,napuM:puM,melukovataM^pEki_levatam,napuM:puM
niyama,puM,niyamaM^prawijFa^nigrahaM,puM
niyawa,napuM:puM,niSciwa^sWira,napuM:puM
AhAra,napuM:puM,AhAraM^apaharaNaM,napuM:puM
no,,kAxu^vaxxu,*
nq,puM,,puM
nq-loka,,,
nu,,kUda,*
nyAsa,napuM:puM,sWApiMcadaM^xAcataM,napuM:puM
nyAyya,puM,nyAyaM^uciwaM^sAmAnyaM,puM
oRaXI,swrI,ORaXaM,swrI
ofkAra,puM,ofkAraM,puM
ojas,napuM,Sakwi^balaM^prakASaM,napuM
om,,Om,
pAFcajanya,puM,pAFcajanyaM,puM
pANdava,napuM:napuM:puM,pANdava,napuM:napuM:puM
anIka,napuM:puM,sEnyaM,napuM:puM
pANdu,puM:swrI,pANdu_rAju,puM:swrI
puwra,puM,puwrudu,puM
pApa,napuM:puM,pApaM,napuM:puM
kqwwama,,CexiMpabadinaxi,*
pApman,puM,pApaM^aparAXaM^xuRta,puM
pArWa,puM,pArWudu^kuMwI_puwrudu,puM
pAruRya,napuM,nirxaya^kaToraM^paruRaM,napuM
pAvaka,napuM:puM,agni^sUryudu,napuM:puM
pAvana,puM:napuM,pAvanaM^paviwraM^paviwraM_ceyuta,puM:napuM
pAwra,napuM:puM,pAwra^vixyA_guNamu_kalavAdu,napuM:puM
pIdA,swrI,pIda^kaRtaM^vexana^karuNa,swrI
pONdra,puM,pONdra_xeSaM,puM
pOruRa,napuM:puM:swrI,pOruRaM^parAkramaM^puruRa_BAvaM,napuM:puM:swrI
pOrvaxehika,napuM,pUrvajanma_pApapuNyamulu,napuM
pOwra,puM,pOwrudu^manumadu^kodudu_koduku,puM
pU1_Nic,,,
pU2,,,
arha,puM,arhawa^waginavAdu,puM
pUjya,puM:swrI,pUjiMpaxaginaxi,puM:swrI
pUruRa,puM,puruRudu^maniRi^Awma,puM
pUrva,napuM:puM,wUrpu,napuM:puM
aByAsa,puM,aByAsaM^alavAtu,puM
pUrvam,,pUrvaM,
pUrvawara,puM,pUrvaM,puM
pUwa,napuM,SuxXaM_ceyuta^pUcuta^pUwa,napuM
pUwi,napuM:puM:swrI,xurgaMXaM,napuM:puM:swrI
paFcama,napuM:puM:swrI,paFcamaM^Exava,napuM:puM:swrI
paFcan,napuM,paFca^Exu,napuM
paNavAnaka,,paNavAnakaM,
gomuKa,,gomuKaM,
paNdiwa,napuM:puM,paMdiwudu^vixvAMsudu,napuM:puM
paWin,puM,mArgaM^xAri^wrova,puM
pac1,,,
pakRin,puM,pakRi^rekkalu_galaxi,puM
parA,swrI,,swrI
parNa,napuM,parNaM,napuM
para,napuM,para^iwara,napuM
param,,para^iwara^BinnaM,
paramA,swrI,muKya^SreRTaM^praXAnaM,swrI
paramAwman,puM,paramAwma,puM
parama,napuM:puM:swrI,muKya^SreRTaM^praXAnaM,napuM:puM:swrI
iRvAsa,puM,villu^Xanussu,puM
parameSvara,napuM:puM,parameSvarudu,napuM:puM
paramparA-pra_Ap1,,,
paranwapa,puM,SawrunASakudu,puM
parasparam,,parasparaM,
paraswAw,,waruvAwa^pimmata,
parawaH,,waruvAwa^pimmata,
parawara,napuM:puM,waruvAwa^pimmata,napuM:puM
pari-jFAwq,,jFAni^buxXimAn,
pariNAma,napuM,pariNAmaM^mArpu^parivarwanaM,napuM
pari_SuR1,,,
pari_ava_sWA1,,,
pari_cakR1,,,
pari_cinw1,,,
pari_kQw1,,,
pari_kliS2,,,
pari_mArg1,,,
pari_sam_Ap1,,,
pari_upa_As1,,,
pari_wyaj1,,,
pari_xah1,,,
pari_xiv1,,,
paricarya,,seva,
Awmaka,,svaBAva,
parigraha,puM,svIkariMcuta^cuttumuttuta,puM
paripanWin,puM,Sawruvu^ahiwudu,puM
paripraSna,puM,praSna^kuSala_praSna,puM
pariwrANa,napuM,saMrakRaNa,napuM
pariwyAga,puM,pariwyAgaM^wyAgamu_ceyuta,puM
parjanya,puM,uwpAxanaM^kaligiMcuta,puM
paryApwa,napuM,paryApwaM^samApwaM,napuM
paryuRiwa,puM,pAcipoyinaxi^bahukAlaM-uMcabadinaxi,puM
pavana,napuM:puM,vAyuvu^gAli^pavanaM,napuM:puM
paviwra,puM,paviwraM,puM
paw1,,,
paw1_Nic,,,
pawafga,puM,pakRi^sUryudu^pawafgaM,puM
pawra,napuM,pawraM^Aku^xaswAveju,napuM
paxa,napuM,adugu^sWAnaM^paxamu,napuM
paxma,,paxmaM^wAmara,
piwAmaha,puM:swrI,piwAmahudu^wAwa,puM:swrI
piwq,puM,piwq^waMdri,puM
vrawa,napuM:puM,vrawaM^niyamaM,napuM:puM
pqRTawaH,,venukanuMdi,
pqWak,,veru,
pqWakwva,napuM,veru,napuM
pqWivI,swrI,pqWivi^Bumi,swrI
pqWivIpawi,puM,rAju,puM
prAFjali,puM,aFjali,puM
prANAyAma,,prANAyAmaM,
prANa,puM,prANa_vAyuvu^prANaM^jIvaM,puM
apAna,,apAna_vAyuvu,
gawi,swrI,gawi^gamanaM,swrI
prANa-apAna-sam_Af_yuj2,,,
prANin,napuM:puM,prANi,napuM:puM
prAXAnya,napuM,prAXAnyaM^muKyaM,napuM
prAk,,wUrpu^muMxara^pUrvamu,
prAkqwa,puM:swrI,sAmAnya^sAXAraNa^prAkqwa_BARa,puM:swrI
prIwa,puM:swrI,prIwi,puM:swrI
prIwi,swrI,prIwi,swrI
prIyamANa,puM,,puM
praBA,swrI,praBa^veVlugu^wejassu,swrI
praBava,puM,puttunaxi,puM
praBaviRNu,napuM:puM,,napuM:puM
praBu,puM:swrI,praBuvu^rAju^aXipawi^svAmi,puM:swrI
praC1,,,
praNava,puM,praNavAkAraM^oMkAraM,puM
praNaya,puM,praNayaM^vivAhaM^snehaM^prema,puM
praNipAwa,puM,praNAmaM^namaskAraM6aBivAxanaM,puM
praSAnwa,puM,praSAnwawa,puM
praSaswa,napuM,SreRTa^praSaMsanIyaM,napuM
praWiwa,napuM:puM:swrI,praKyAwi^prasixXi,napuM:puM:swrI
pra_Af_raB1,,,
pra_Ap1,,,
pra_Ap2,,,
pra_BAR1,,,
pra_BU1,,,
pra_Nam1,,,
pra_XmA1,,,
pra_arWa1,,,
pra_brU1,,,
pra_hA2,,,
pra_han1,,,
pra_has1,,,
pra_hqR1,,,
pra_i1,,,
pra_jFA2,,,
pra_kAS1_Nic,,,
pra_lI1,,,
pra_lap1,,,
pra_muc1,,,
pra_naS1,,,
pra_nam1,,,
pra_ni_XA1,,,
pra_pax1,,,
pra_sU1,,,
pra_sU2,,,
pra_sWA1,,,
pra_sac2,,,
pra_sax1,,,
pra_sax1_Nic,,,
pra_siX3,,,
pra_sq1,,,
pra_u1,,,
pra_vac1,,,
pra_vax1,,,
pra_viS1,,,
pra_vi_Baj1,,,
pra_vi_lI1,,,
pra_vqX1,,,
pra_vqw1,,,
pra_vyaW1,,,
pra_wap1,,,
pra_xIp1,,,
pra_xiS1,,,
pra_xqS1,,,
pra_xuR1,,,
pra_xviR1,,,
pra_yA1,,,
pra_yam2,,,
pra_yuj2,,,
prahlAxa,puM,prahlAxudu,puM
prajA,swrI,prajalu,swrI
prajA-pawi,,prajApawi^rAju,
prajApawi,puM,prajApawi^rAju,puM
prajFA,swrI,prajFa^buxXi,swrI
prajana,puM,uwpAxanaM^cUlu^garBamu,puM
prakASa,napuM:puM,prakASaM,napuM:puM
prakASaka,puM:napuM,prakASakudu^veVlugu_iccuvAdu,puM:napuM
prakIrwi,swrI,kIrwi^prasixXi^yaSassu,swrI
prakqwi-ja,,prakqwi_sixXaM,
prakqwi-sWa,,svABAvikaM^sahajaM,
samBava,puM,saMBavaM^uxBavaM,puM
pralIna,puM,naRtamEnaxi^cewanamu_lenixi,puM
pralaya,puM,pralYyaM,puM
pramAWin,napuM,pIdiMcuvAdu,napuM
pramAxa,puM,pramAxaM,puM
pramuKa,napuM,pramuKudu^muKyaM^SreRTaM,napuM
prapaSyaw,,buxXi^jFAnaM,*
prapiwAmaha,puM,muwwAwa,puM
prasAxa,puM,prasAxaM^anugrahaM^nEvexyaM,puM
prasaBa,napuM,balAwkAraM^hiMsa,napuM
prasafga,puM,prasafgaM^saMxarBaM,puM
prasanna,napuM:puM,prasannaM^nirmalaM,napuM:puM
pravqwwa,napuM:puM,prAraMBiMpabadinaxi^niScayiMpabadinaxi,napuM:puM
pravqwwi,swrI,AraMBaM^svaBAvaM,swrI
pravyaWiwa,,pIdimMpabadinavAdu,
anwar,,lopala^naduma,
prawApa,,prawApaM^wejassu^vedi,
prawi,,samAnaM^mAru,
upakAra,puM,upakAraM^melu,puM
prawiRTA,swrI,prawiRTa^gOravamu,swrI
prawiRTiwA,swrI,prawiRTiMpabadinaxi^sWiramEnaxi,swrI
prawiRTiwa,napuM:puM,prawiRTiMpabadinaxi^sWiramEnaxi,napuM:puM
prawi_jFA2,,,
prawi_pax1,,,
prawi_sWA1_Nic,,,
prawi_yuXa1,,,
prawyakRa,napuM:puM,prawyakRaM^kanipiMcunaxi^kalYlYa_eVxuru,napuM:puM
avagama,,samIpiMcu^welusukonuta,
prawyanIka,,Sawruvu^viroXi,
prawyavAya,puM,avaroXaM^pApaM^kRINiMcuta,puM
prayANa,napuM,prayANaM,napuM
prayAwa,puM,canipovuta^velYlYipovuta^AkramiMcuta,puM
prayawa,,jiweMxrudu^Xarmikudu,
prayawna,puM,prayawnaM,puM
prewa,puM,maraNiMcinavAdu^piSAcamu,puM
priyA,swrI,priya^priyurAlu,swrI
priya,napuM:puM,priya^priyurAlu,napuM:puM
cikIrRu,puM,ceyavaleVnani_icca_kalavAdu,puM
kqwwama,,mukkalu_ceyataM,
priya-wara,,aXika_prema,
puNya,napuM,puNyaM,napuM
puR3,,,
puRkalA,swrI,puRkalaM^aXikaM^SreRTaM^saMqxXaM,swrI
puRpa,napuM,puRpaM^pUvu^kusumaM,napuM
puRpiwA,swrI,pUcinaxi^wIga^vqkRaM,swrI
pumaw,puM,,puM
pums,,,*
punaH,,punaH^malYlYi,
punarAvarwin,puM,malYlYi_janmiMcuvAdu,puM
punarjanman,napuM,xvijanma^punarjanma^malYlYi_puttuta,napuM
purA,,pUrvaM^pUrva_kAlaM,
purANI,swrI,puramulu^nagaramulu,swrI
purANa,puM:napuM,purANaM^purAwana^prAcIna,puM:napuM
purAwana,puM:napuM,purAwanaM,puM:napuM
pura,napuM,puramu^nagaramu,napuM
puraswAw,,muMxu^wUrpu^eVxuta^gawa_kAlaM,
puroXas,puM,purohiwudu,puM
puruRa,puM,puruRudu,puM
vyAGra,puM,vyAGramu^puli,puM
puruRarRaBa,puM,SreRTa_puruRudu,puM
puruRowwama,puM,puruRowwamudu,puM
purujiw,puM,purujiwwudu,puM
puwra,puM,puwrudu,puM
gqha,napuM,gqhaM^illu,napuM
xAra,puM,Barya,puM
q1,,,
qRi,puM,qRi,puM
qX1,,,
qk,swrI,swuwi^praSaMsa^pUja^qigvexa,swrI
qwa,,pUjiMpabadunaxi^sawyamu,
qwe,,pUjiMpabadunaxi^sawyamu,
qwu,puM,qwuvu,puM
rAgAwmaka,napuM,rAgAwmakaM^anurAgaM_kaliginaxi,napuM
xveRa,napuM,xveRaM,napuM
rAga,puM,rAgamu^anurAgamu,puM
viyukwa,puM,veruceyabadina,puM
rAgin,puM,anurakwudu^rAgamu_kalavAdu,puM
rAjan,puM,rAju,puM
guhya,napuM:puM:swrI,gupwamu^rahasyaM,napuM:puM:swrI
rAjasI,swrI,rajoguNa_saMbaMXinI,swrI
rAjasa,napuM:puM,rajoguNa_saMbaMXiwa^rAju_saMbaMXiwa^wejassu,napuM:puM
rAjya,napuM,rAjyaM,napuM
rAkRasI,swrI,rAkRasi,swrI
rAma,puM,SrI_rAmudu^priyaM^manoharaM^AnaMxapraxa,puM
rAwri,swrI,rAwri,swrI
rUpa,napuM,rUpaM,napuM
raNa,napuM:puM,raNaM^yuxXaM^saMgrAmaM^samaraM,napuM:puM
samuxyama,puM,pEki_leputa^samAraMBaM,puM
raWa,puM,raWaM,puM
upasWa,napuM:puM,maXya_Bagamu,napuM:puM
rahas,napuM,ekAMwamu,napuM
rahasya,napuM:puM,rahasyaM,napuM:puM
rakRas,napuM,rAkRasudu,napuM
ram1,,,
rasAwmaka,napuM:puM,rasAwmakaM^sAravaMwaM,napuM:puM
rasa,puM,sAraM,puM
varja,,vidupu^vaxuluta,
rasana,napuM,nAluka^ruci,napuM
rasya,napuM:puM,sAravaMwaM^rucikaraM,napuM:puM
ravi,puM,sUryudu,puM
rawa,napuM:puM,prasannaM^anurAgaM,napuM:puM
ripu,puM,Sawruvu,puM
roma,,romamu^veVtruka,
harRaNa,,harRaM,
roman,napuM,romamu^veVtruka,napuM
harRaNa,,harRaM,
ruX1,,,
ruXira-pra_xih1,,,
ruxra,napuM:puM,ruxra^BayAnaka^Bayafkara,napuM:puM
sAXarmya,napuM,samAnawa,napuM
sAXu,napuM:puM,uwwamaM^SreRTaM,napuM:puM
sAXya,puM,sAXyaM^ceyaxaginaxi,puM
sAfKya,napuM:puM,safKyA_saMbaMxiwa^sAfKya_xarSanaM,napuM:puM
sAgara,puM,sAgaraM^samuxraM,puM
sAkRAw,,sAkRAwwu^eVxuta^kalYlYamuMxunnaxi,
sAkRin,puM,sAkRi^cUcinavAdu,puM
sAmAsika,napuM:puM,samAsa_saMbaMXa^sAmUhika,napuM:puM
sAman,napuM,saMwoRaM_kaligiMcunaxi^sAmavexaM,napuM
sAmarWya,napuM,sAmarWyaM,napuM
sAmavexa,puM,sAmavexaM,puM
sAmya,napuM,samAnaM^samawvaM,napuM
sAwwvikI,swrI,sawva_guNaM_kalaxi,swrI
sAwwvika,puM,sawva_guNaM_kalavAdu,puM
sAwyaki,puM,sAwyaki,puM
sEnya,puM,sEnyaM,puM
sOBaxra,puM,sOBaxrudu^suBaxruni_koduku,puM
sOkRmya,napuM,sUkRmamu,napuM
sOmaxawwi,puM,sOmaxawwudu,puM
sOmya,napuM:puM,sOmya^mqxuwvaM^suMxaraM^SuBaM^,napuM:puM
vapus,napuM,SarIraM^xehaM,napuM
sOmyawva,napuM,sOmyawa,napuM
sU2,,,
sUkRmawva,napuM,sUkRmawvaM,napuM
sUrya,puM,sUryudu,puM
sahasra,napuM,sahasraM^veyi,napuM
sUwa,puM,sAraWi^sUwudu,puM
sUwra,napuM,sUwramu^xAramu^safkRipwa_viXi,napuM
sWA1,,,
sWA1_Nic,,,
sWANu,vi:puM,XqDa^sWira,vi:puM
sWAna,napuM,sWAnaM^sWiwi^nivAsaM,napuM
sWAvara,napuM:puM,sWAvaraM^kaxalanixi,napuM:puM
jafgama,puM,jIviwa^wirugunaxi,puM
sWErya,napuM,sWEryaM^XqDawvaM^sWirawvaM,napuM
sWirA,swrI,sWiraM,swrI
sWira,puM,sWiraM,puM
sWiwi,swrI,parisWiwi^sWiwi,swrI
sa,,,
Sara,napuM:puM,,napuM:puM
sa-aXi-BUwa-aXi-xEva,,,
sa-aXi-yajFa,,,
sa-ahafkAra,,,
sa-cewas,,,
sa-gaxgaxa,,,
sa-vijFAna,,,
sa-vikAra,,,
sa-xoRa,,,
saFjanayaw,,,*
saFjaya,puM,peru,puM
saKa,puM,miwrudu^sakudu,puM
saKi,puM,saKi^celiya,puM
saMSaya,puM,saMSayaM^saMxehaM,puM
saMSiwa,napuM:puM,wejassu^wIkRNaM,napuM:puM
vrawa,napuM:puM,vrawaM^prawijFA^niyamaM,napuM:puM
saMSuxXa,napuM:puM,SuxXi_ceyuta,napuM:puM
saMsAra,puM,saMsAraM^mArgaM^lOkika_jIviwaM,puM
saMsixXi,swrI,pUrNamu^svaBAvamu,swrI
saMsparSa,,cakkani_sparSa,
saMvAxa,puM,saMvAxaM^carca,puM
saMyama,puM,niyaMwraNa,puM
saMyamin,puM,niyaMwriMcuvAdu,puM
saMyawa,napuM:puM,kattabadinaxi^baMXiMpabadinaxi,napuM:puM
sac2,,,
sacarAcara,,prapaMcaM,
safGAwa,puM,samuxAyaM^samUhamu,puM
safKya,napuM,safKya^aMkeV,napuM
safga,puM,safgaM^sahavAsaM^kUduta,puM
rahiwa,napuM:puM,rahiwa^viduvabadinaxi,napuM:puM
varjiwa,napuM:puM,wyakwa,napuM:puM
vivarjiwa,napuM:puM,wyakwa,napuM:puM
safgrAma,puM,safgrAmaM^yuxXaM^kalahaM^poru,puM
safgraha,puM,safgraha^safkRipwa^sekariMcu,puM
safkara,puM,safkara_jAwi^kUdika,puM
saha,,orpu_unnavAdu^sahiwamu^Sakwi^sAmarWyaM,
saha1,,,
sahaja,puM,sahajaM,puM
sahasA,,akasmAwwu^balavaMwaMgA,
sahasra,napuM,sahasraM^veyi,napuM
yuga,napuM,yugaM,napuM
paryanwa,napuM:puM,paryaMwaM^varaku,napuM:puM
sahasraSaH,,veyi^sahasraM,
sahasrakqwvas,napuM:puM,,napuM:puM
sahaxeva,napuM:puM,sahadevudu,napuM:puM
sakwa,napuM:puM,Asakwudu^vyasanaparudu,napuM:puM
samA-hq1,,,
samAXi,puM,samAXi^ekAgrawa^wapassu,puM
samAramBa,puM,AramBaM,puM
samAsa,puM,samAsaM,puM
samBava,puM,saMBavaM^puttuka,puM
sam_Af_XA1,,,
sam_Af_car1,,,
sam_Af_gam1,,,
sam_Ap1,,,
sam_BU1,,,
sam_BU1_Nic,,,
sam_IkR1,,,
sam_Sri1,,,
sam_aXi_gam1,,,
sam_ava_sWA1,,,
sam_awi_i1,,,
sam_hq1,,,
sam_jan3,,,
sam_ji1,,,
sam_ni_as1,,,
sam_ni_viR2,,,
sam_ni_yam1,,,
sam_pax1,,,
sam_pra_IkR1,,,
sam_pra_kQw1,,,
sam_pra_vqw1,,,
sam_smq1,,,
sam_swamB1,,,
sam_upa_Af_Sri1,,,
sam_upa_sWA1,,,
sam_vqw1,,,
sam_wQ1,,,
sam_wuR1,,,
sam_xqS1,,,
sam_yA1,,,
sam_yam1,,,
sam_yam3,,,
sam_yam3_Nic,,,
sama,napuM:puM,samAnaM^samaswaM,napuM:puM
ciwwawva,,manassu,*
loRta,,matti_gadda,
aSman,puM,rAyi^meGaM,puM
kAFcana,napuM,koMceM,napuM
xarSana,napuM,cUpiMcadaM,napuM
samagra,napuM:puM,samaswaM^samagraM,napuM:puM
samam,,samaM^samAnaM,
samanwAw,,aMwatA^viSva_vyApi,
samanwawaH,,aMwata,
samavewa,napuM:puM,kUdi_uMduta^kalisi_unnaxi,napuM:puM
samawA,swrI,samawvaM^samawA,swrI
samawIwa,napuM:puM,pUrvakAlamu,napuM:puM
samawva,napuM,samaBAvamu,napuM
samaxarSin,napuM:puM,samaxqRti_kalavAdu^wawva_jFAni,napuM:puM
sambanXin,puM,saMbaMXaM_kalavAdu,puM
samiwiFjaya,napuM:puM,yuxXamaMxu_vijayudu,napuM:puM
samixXa,napuM:puM,SuxXaM^prakASiwaM,napuM:puM
sammoha,puM,prema^AkarRaNa^mUrKawA,puM
sammuKa,napuM:puM,aBimuKaM^exuru,napuM:puM
sampaSyaw,,,*
sampax,swrI,saMpaxa,swrI
sampluwoxaka,,varaxa,
samprawiRTA,swrI,saMprawiRTa^unnawa_sWiwi,swrI
samqxXa,puM,samqxXi^aBivqxXi^saMpaxa,puM
vega,puM,vegaM^vadi^wvariwaM,puM
samuxXarwq,puM,mukwi_xAwa,puM
samuxra,napuM:puM,samuxraM^kadali^sAgaraM,napuM:puM
samyak,,cakkagA^maMcixi^yukwamugA,
sanAwana,puM,sanAwanaM^prAcInaM^SaSvawaM,puM
sannyAsa,puM,sannyAsaM,puM
yukwa,napuM:puM,yukwaM^waginaxi,napuM:puM
sannyAsin,puM,sannyAsI,puM
sannyasana,napuM,sannyasiMcadaM^wyAgaM^vErAgyaM,napuM
sanwa,puM,aMjali,puM
sapawna,puM,Sawruvu^viroXi,puM
sapwan,a,sapwa^edu,a
saras,napuM,sarassu,napuM
sarga,puM,,puM
sarpa,puM,sarpamu^pAmu^gamanaM^anusaraNaM,puM
sarvA,swrI,sarvaM,swrI
sarva,napuM:puM,sarvaM,napuM:puM
AScaryamaya,,AScaryamayaM,
AramBa,napuM:puM,AraMBaM,napuM:puM
sarva-BAva,,BAvaM,
sarva-BUwa,,prANi^upalabXa^uwpanna,
sarva-BUwa-ASaya-sWA1,,,
hara,napuM:puM:puM,,napuM:puM:puM
ABAsa,,prakASaM,
sarva-inxriya-vi_vqj3,,,
vqkRa,puM,vqkRaM,puM
xehin,puM:napuM,prANi^xehamu_kalavAdu,puM:napuM
xurga,napuM:puM,xurgaM^kota^vipawwi^guHKaM,napuM:puM
sarvaSaH,,aMwata^paripUrNaMgA,
sarvaWA,,anni_viXamulugA,
sarvawaH,,annivEpulanuMdi,
Sruwimaw,,vinikidi,
akRi,napuM,newramu^kannu,napuM
Siras,napuM,Sirassu,napuM
muKa,napuM,muKaM,napuM
pANi,puM:swrI,pANi^ceyi,puM:swrI
pAxa,puM,pAxamu,puM
sarvawra,,aMwata,
ga,puM,,puM
sasj1,,,
savyasAcin,puM,arjunudu,puM
saw,napuM:puM,yaWArWaM^pAvanaM^maMci,napuM:puM
sawawa-yuj2,,,
sawawam,,eVllappudu^niraMwaraM^,
sawkAra,puM,sawkAraM,puM
mAna,puM,mAnamu,puM
sawwva,napuM,sawva_guNaM^sawwa^balaM,napuM
anurUpA,swrI,anurUpamu^anuguNamu^samAnamEna,swrI
sawwva-sam_Af_viR2,,,
sawwvavaw,puM,sawwva_guNamu,puM
sawya,napuM:puM,sawyaM,napuM:puM
sax-BAva,,sawBAvamu,
sax,,uwwamamEna^sawyaM,
asax,,xuRtudu^nijamu_kAnixi,
yoni,puM,garBASayamu,puM
janman,napuM,uwpawwi^puttuka,napuM
sax1,,,
saxA,,saxA^eVllapudu,
saxqSI,swrI,samAnamu,swrI
saxqSa,puM,samAnamu,puM
senA,swrI,sena^sEnyamu,swrI
senAnin,puM,nAyakudu,puM
sev1,,,
sevA,swrI,seva,swrI
siMhanAxa,puM,siMhanAxaM,puM
siX3,,,
sixXa,napuM:puM,sixXiMcina,napuM:puM
sixXi,swrI,sixXi^neVraveruta,swrI
asixXi,,asaMpUrNamu,
skanxa,puM,kumAra_svAmi,puM
sma,,BUwakAlamunu_nirxeSiMcunaxi,*
smq1,,,
smqwi,swrI,smaraNa,swrI
BraMSa,,naSiMcuta^kriMxapaduta,
viBrama,puM,BrAMwi^AScaryamu,puM
snigXa,napuM:puM,snehiwudu^snehiwa,napuM:puM
soma,puM,soma_yAga^amqwaM,puM
soma-pA,,somapAnaM_ceyuvAdu,
sparSa,puM,sparSa,puM
sparSana,napuM,vAyuvu^sparSa,napuM
spqS1,,,
spqhA,swrI,uwsukawa^icCA,swrI
sqj2,,,
sqwi,swrI,mArgaM,swrI
sraMs1,,,
sru1_Nic,,,
su-virUDa,,aMkuriMcina^uwpannamEna,
mUla,napuM,mUlamu^moVxalu^kAraNamu,napuM
su-xur-xarSa,,xuraxqRtamu,*
su-xurAcAra,,xurAcAramu,*
su-xurlaBa,,xurlaBamu,
suGoRa,,GoRa,
maNipuRpaka,puM,maNipuRpakamu^sahaxevuni^SafKamu,puM
suKa,napuM:puM,suKamu,napuM:puM
suKin,napuM:puM,suKamu_kalavAdu,napuM:puM
suhqx,vi:puM:puM:swrI,snehiwudu,vi:puM:puM:swrI
ari,puM,Sawruvu,puM
uxAsIna,napuM,uxAsInamu^Asakwi_lekapovuta,napuM
maXyasWa,napuM:puM,maXyavarwi,napuM:puM
xveRya,puM,Sawruvu,puM
banXu,puM,banXuvu,puM
sukqw,puM,puNyAwmudu^XArmikudu,puM
sukqwa,napuM,puNyaM^SuBa_kAryaM,napuM
xuRkqwa,napuM:puM,xuRtudu,napuM:puM
sukqwin,puM,paropakAri,puM
sulaBa,napuM:puM,sulaBaM^sulaBamugA_laBiMcunaxi,napuM:puM
suniSciwa,napuM,buxXimaMwudu,napuM
sura,puM,xevawa^sUryudu^jFAnavaMwudu,puM
susuKa,napuM,sOKyamu_kalaxi,napuM
suxuRkara,,,*
svA,swrI,,swrI
svAXyAya,puM,svAXyAyamu^vexAXyayanamu,puM
aByasana,,aByAsamu,
sva,napuM:puM,sva^wana,napuM:puM
anuRTiwa,napuM:puM,Acariwamu,napuM:puM
sva-bAnXava,,baMXuvu,
cakRus,napuM,kannu^newraM,napuM
jana,puM,janaM,puM
nirawa,napuM:puM,nirawamu,napuM:puM
wejas,napuM,wejassu,napuM
svaBAva,puM,svaBAvamu,puM
svaBAva-jA,,,*
svaBAva-ja,,,*
niyawa,napuM:puM,niwyaM^niSciwaM,napuM:puM
praBava,puM,praBAvaM,puM
svaXA,,svaXA^Ahuwi,
svaXarma,puM,svaXarmaM,puM
svaka,puM,wanaxi^wanavAdu,puM
svalpa,napuM:puM,svalpaM,napuM:puM
svap1,,,
svapna,puM,svapnaM^kala,puM
svar,,SabxaM_ceyuta,
svarga,puM,svargaM,puM
xvAra,napuM,xvAraM,napuM
svasWa,napuM:puM,ArogyavaMwudu,napuM:puM
svaswi,,kRemaM^SuBaM^maMgalYaM,
svayam,,savayaM,
swabXa,napuM,swaMBiMcuta,napuM
swamB1,,,
swena,puM,xoVMga,puM
swrI,swrI,swrI,swrI
swu1,,,
swuwi,swrI,swuwi,swrI
syanxana,napuM,raWaM,napuM
uBa,puM:swrI,reVMdu,puM:swrI
uBaya,napuM:puM,uBayamu^reVMdu,napuM:puM
viBraRta,napuM:puM,BraRtudu^kRINiMcinavAdu,napuM:puM
uRma-pA,,,*
uSanA,swrI,SukrAcAryudu,swrI
ucCiRta,puM,eVMgili,puM
ucCoRaNa,napuM,eVMdipovuta,napuM
uccEHSravasa,puM,poVdugu_ceVvulu_kalavAdu,puM
ucca,napuM:puM,unnawaM,napuM:puM
ugrA,swrI,ugramu^BayaMkara,swrI
ugra,napuM:puM,ugramu^BayaMkara,napuM:puM
ulba,napuM,garBASaya,napuM
upAyawaH,,samIpiMcuta,*
upa_Af_Sri1,,,
upa_As1,,,
upa_Sri1,,,
upa_Xq1_Nic,,,
upa_han1,,,
upa_hu1,,,
upa_i1,,,
upa_jan2,,,
upa_jan3,,,
upa_laB1,,,
upa_lip1,,,
upa_pax1,,,
upa_ram1,,,
upa_sam_gam1,,,
upa_sev1,,,
upa_viS1,,,
upa_xiS1,,,
upa_xqS1,,,
upa_yA1,,,
upamA,swrI,polika,swrI
uraga,puM,sarpamu^pAmu,puM
uw_Af_hq1,,,
uw_hq1,,,
uw_kram1,,,
uw_miR1,,,
uw_sax1,,,
uw_sqj2,,,
uwa,,vikalpamu,
uwsanna,,naSiMcuvAdu,
uwwamOjas,puM,prakASamu^wejassu,puM
uwwarAyaNa,napuM,uwwrAyaNamu,napuM
ux,,unnawamu,
sAxana,napuM,aByAsaM,napuM
uxAra,puM,uxAra^xAna_SIlawa,puM
uxAsIna,napuM,watasWaM,napuM
uxAsInavaw,,,*
uxBava,puM,uxBaviMcuta,puM
ux_sWA1,,,
ux_vij2,,,
ux_xiS1,,,
ux_yam1,,,
ux_yam2,,,
uxan-pAna,,pAna_pAwra,
uxxeSa,puM,uxxeSaM^BAvaM,puM
vA,,vikalpamu,
vAc,swrI,vAkku^sarasvawi,swrI
vAfmaya,napuM:puM,vAfmayaM^BARA,napuM:puM
vAkya,napuM,vAkyaM,napuM
vArRNeya,puM,vArRNeyudu^SrIkqRNa,puM
vAsa,puM,nivAsaM,puM
vAsas,napuM,vaswraM,napuM
vAsava,napuM:puM,iMxrudu,napuM:puM
vAsuki,puM,vAsuki^nAga_rAju,puM
vAsuxeva,puM,vAsudevudu^SrIkqRNudu,puM
vAxa,puM,vAxana,puM
vAxin,puM,vakwa,puM
vAyu,puM,vAyuvu,puM
vESvAnara,puM,agni^vESvAnarudu,puM
vESya,puM,vESyudu,puM
vEnaweya,puM,vEnaweyudu,puM
vErAgya,napuM,vErAgyaM^virakwi,napuM
vErin,puM,Sawruvu,puM
vIryavaw,napuM:puM,parAkramaM,napuM:puM
vIwa-rAga,,virakwudu,
vIwa-rAga-Baya-kroXa,,poyinaxi,
vaSa,napuM:puM,vaSaM,napuM:puM
vaSin,napuM:puM,jiweMxriyudu,napuM:puM
vaSya,napuM:puM,vaSamEnaxi,napuM:puM
vac1,,,
vacana,napuM,vacanaM,napuM
vacas,napuM,vacanaM,napuM
vah1,,,
vahni,puM:swrI,agni,puM:swrI
vajra,napuM:puM,vajrAyuXaM^vajraM,napuM:puM
vakwra,napuM:puM,muKaM,napuM:puM
kAraka,napuM:puM,karwa^,napuM:puM
varRa,puM,varRaM^saMvawsaraM,puM
vara,napuM:puM:swrI,varaM,napuM:puM:swrI
varuNa,puM,varuNa_xevudu,puM
varwamAna,napuM:puM,varwamAnaM,napuM:puM
varwman,napuM,mArgaM,napuM
vas1,,,
vasu,napuM:puM,,napuM:puM
vax1,,,
vaxana,napuM,vaxanaM,napuM
vega,puM,vegaM,puM
vep1,,,
vepaWu,puM,kaMpanaM,puM
vewwq,napuM:puM,welisinavAdu^pawi^qRi,napuM:puM
vexAnwa,puM,vexAnwaM,puM
vexa,puM,vexaM,puM
nivqwwa,napuM:puM:swrI,niReXamu,napuM:puM:swrI
viBAvasu,puM,prakASaM^sUryudu,puM
viBUwi,swrI,Sakwi,swrI
viBUwimaw,napuM,Sakwi,napuM
viBu,puM:swrI,SakwivaMwudu,puM:swrI
viRAxa,puM,viRAxamu,puM
viRAxin,napuM:puM,xuHKiMcuvAdu,napuM:puM
viRNu,napuM:puM,viRNuvu,napuM:puM
viRa,napuM,viRaM,napuM
viRama,napuM:puM,viruxXamu,napuM:puM
viRaya,napuM:puM,viRayamu,napuM:puM
pravAla,,ciguru^pagadamu,
viS1,,,
viSAla,napuM:puM,viSAlaM,napuM:puM
viSiRta,puM,viSiRtaM,puM
viSuxXA,swrI,svacCaM^nirmalaM,swrI
viSva,napuM:puM,viSvaM,napuM:puM
viSvawaH,,annivEpulanuMdi,
viSveSvara,puM,ViSveSvarudu^Sivudu,puM
viXAna-vac1,,,
viXeya,napuM,vinayamu^viXeyaM,napuM
hIna,napuM:puM,hIna,napuM:puM
viXi-xqS1,,,
vi_Af_hq1,,,
vi_Ap1,,,
vi_Baj1,,,
vi_IkR1,,,
vi_Nax2,,,
vi_SAs1,,,
vi_XA1,,,
vi_XI1,,,
vi_anu_nax2,,,
vi_apa_Af_Sri1,,,
vi_ava_sWA1,,,
vi_ava_si1,,,
vi_awi_i1,,,
vi_awi_wQ1,,,
vi_cal1_Nic,,,
vi_gam1,,,
vi_hA2,,,
vi_jFA1,,,
vi_jFA2,,,
vi_kamp1,,,
vi_laj2,,,
vi_mqS1,,,
vi_muc1,,,
vi_muh1,,,
vi_muh1_Nic,,,
vi_naS1,,,
vi_ni_vqw1,,,
vi_ni_yam2,,,
vi_pari_vqw1,,,
vi_sWA1,,,
vi_sax1,,,
vi_smi1,,,
vi_sqj2,,,
vi_swamB1,,,
vi_uw_as2,,,
vi_vqX1,,,
vi_xQ2_Nic,,,
vicakRaNa,puM,vicakRaNa,puM
vicewas,puM,manovEkalyaM,puM
vigawa,napuM:puM,lopiMcinaxi,napuM:puM
BI,,Bayamu,
jvara,puM,jvaraM,puM
spqha,,korika,
viguNa,napuM:puM,guNa_hInudu,napuM:puM
vihAra,puM,vihariMcuta^wota,puM
SayyA,swrI,padaka^maMcamu,swrI
Asana,napuM,Asanamu^pIta,napuM
Bojana,napuM,Bojanamu,napuM
vijFAna,napuM,vijFAnaM,napuM
sahiwa,puM,wo,puM
vijaya,puM,vijayaM,puM
vijiwa,napuM:puM,jayiMpabaddavAdu,napuM:puM
vikAra,napuM:puM,vikAraM^rogaM^apahAsyaM,napuM:puM
vikarNa,puM,vikarNudu,puM
vikarman,napuM:puM,virixXaMgA_AcariMcuvAdu,napuM:puM
vikrAnwa,napuM:puM,vikrAMwudu^vIrudu,napuM:puM
vimUDa,napuM:puM,mUrKudu,napuM:puM
vimawsara,napuM,IrRya_lenivAdu,napuM
vimokRa,puM,mukwi^mokRaM,puM
vinA,,lekuMda,
vinASa,puM,vinASanaM,puM
viniSciwa,napuM,niScayiMpabadina,napuM
viniyawa,napuM:puM,niyaMwriMcabadina,napuM:puM
vipaSciw,napuM:puM,paMdiwudu^vixvAMsudu,napuM:puM
viparIwa,napuM:puM,viruxXamu,napuM:puM
virAta,puM,virAta_rAju,puM
visarga,puM,visarjanamu,puM
vismaya,napuM:puM,vismayamu,napuM:puM
vismaya-Af_viR2,,,
viswAra,puM,viswAramu,puM
viswara,napuM:puM,viswaraNaM,napuM:puM
viswaraSaH,,viswaraNaM,
vivasvaw,napuM:puM,sUryudu,napuM:puM
viviXA,swrI,viviXa,swrI
viviXa,napuM:puM,viviXa,napuM:puM
vivikwa,napuM:puM,viBinnamu,napuM:puM
sevin,puM,seviMcuvAdu,puM
seviwva,,seviMcabadina,
viwweSa,puM,kuberudu,puM
vix1,,,
vix2,,,
vix3,,,
vixiwa,napuM:puM,paMdiwudu,napuM:puM
vixvas,puM,vixvAMsudu,puM
vixyA,swrI,vixya,swrI
vinaya,puM,vinayudu,puM
sampanna,napuM:puM,sampannudu,napuM:puM
vqRNi,puM,gollavAdu^kqRNudu,puM
vqjina,vi:puM:napuM,pApamu,vi:puM:napuM
vqkoxara,puM,vqkoxarudu^Bimudu,puM
vqw1,,,
vqwa1,,,
vraj1,,,
vyAmiSra,napuM:puM,kalupabadina,napuM:puM
vyAsa,puM,vyAsudu,puM
prasAxa,puM,prasAxaM^anugrahaM,puM
vyAwa-Anana,,,*
vyUDA,swrI,vyUDaM,swrI
vyUDa,napuM:puM,vyUDaM,napuM:puM
vyaW1,,,
vyaW1_Nic,,,
vyaWA,swrI,vyaWa,swrI
vyakwa,napuM:puM,vyakwamaguta^spaRtamaguta,napuM:puM
maXya,napuM:puM,maXya,napuM:puM
vyakwi,swrI,vyakwi,swrI
vyapewa,napuM:puM,vidipovuta,napuM:puM
vyavasAya,puM,vyavasAyaM,puM
vyavasWiwa,napuM:puM,viXiMpabadina,napuM:puM
wAmasI,swrI,cIkati^rAwri,swrI
wAmasa,puM,cIkati^alasawvaM,puM
wAvaw,puM:napuM,avaXi,puM:napuM
wAwa,puM,waMdri,puM
wQ1,,,
wURNIm,,minnakuMduta,
waWA,,alAga,
waWApi,,,*
waWEva,,,*
wamas,napuM:puM,cIkati,napuM:puM
wan1,,,
wanu,swrI,wanuvu,swrI
wap1,,,
wapas,napuM,wapassu,napuM
wapasvin,puM,wapasvi,puM
wapasya,puM,wapassu,puM
warhi,,,
wasmAw,,,
wawa,napuM:puM,,napuM:puM
wawaH,,,
wawpara,napuM:puM,,napuM:puM
wawra,,akkada,
wawwva,napuM,wawwvaM,napuM
xarSana,napuM,xarSana,napuM
xarSin,,xarSiMcuvAdu,*
wawwvavix,napuM:puM,wawwva_jFAni,napuM:puM
wawwvawaH,,,*
wax,napuM:puM:swrI,axi,napuM:puM:swrI
BAviwa,,poMxabadina,
arWIya,,aBiprAyaM_kalavAdu,
arWa,puM,arWa,puM
buxXi,swrI,buxXi,swrI
niRTA,swrI,niRTa,swrI
parAyaNA,,parAyaNudu^AsakwikalavAdu,
samakRa,napuM:puM,samakRaM,napuM:puM
waxA,,appudu,
waxananwaram,,waxananwaraM^AwaruvAwa,
waxsarvanAma,,,
waxvaw,napuM:puM,,napuM:puM
wejas,napuM,wejassu,napuM
wejas-aMSa-sam_BU1,,,
rASi,puM,samUhamu,puM
wejasvin,puM:swrI,wejasvi,puM:swrI
wejomaya,napuM,wejomayaM,napuM
wij1,,,
woya,napuM:puM,nIru,napuM:puM
wqRNA,swrI,wqRNa^xappika^icCa,swrI
wqpwi,swrI,wqpwi,swrI
wrE1,,,
wrEguNya,,wrRguNya^wriguNamula,
wrElokya,napuM,wrElokya^wrilokamula,napuM
wrEvixya,puM,wrivixya,puM
wrayI,,mUdu_vexamulu,
wraya,napuM:puM:swrI,mUdu,napuM:puM:swrI
wri,napuM:puM:swrI,mUdu,napuM:puM:swrI
wriXA,,mUdu_viXamulu,
wriviXA,swrI,mUdu_viXamulu,swrI
wriviXa,napuM:puM,mUdu_viXamulu,napuM:puM
wu,,kAni,*
wuR1,,,
wuRti,swrI,saMwoRamu,swrI
wulya,puM,samAnamu,puM
saMswuwi,,swuwi,
ninxA,,niMxa,
apriya,napuM:puM:swrI,apriyaM,napuM:puM:swrI
wumula,puM,BayaMkara,puM
wvac,swrI,wolu,swrI
wvar1,,,
wvaw,,nIxi,*
wvawwaH,,,
wvax,,nIxi,*
sama,napuM:puM,samamu,napuM:puM
wyAga,puM,wyAgaM,puM
Pala,napuM,PalaM,napuM
wyAgin,puM,wyAgi,puM
wyaj1,,,
wyakwa,,viduvabadinaxi,
parigraha,puM,svIkariMcuta,puM
xA3,,,
xAkRya,napuM,kOSalamu^nerpu,napuM
xAna,napuM,xAnamu,napuM
xAnava,puM,xAnavudu^rAkRasudu,puM
xEvI,swrI,xevawA_saMbaMXiwa,swrI
xEva,napuM:puM,xevawA_saMbaMXiwa,napuM:puM
xEwya,puM,rAkRasa,puM
xIp1,,,
xIpa,puM:swrI,xIpaM,puM:swrI
xIpwa,napuM:puM:swrI,prakASiMpabadunaxi,napuM:puM:swrI
anala,puM,agni^jaTarAgni,puM
arka,puM,sUrya_kAMwi,puM
xyuwi,,kAMwi^veVlugu,
huwASa,puM,agni,puM
vakwra,napuM:puM,muKaM,napuM:puM
xIpwimaw,puM,prakAsiMcunaxi,puM
xIrGasUwrin,puM,somari,puM
xUra,napuM:puM,xUraM,napuM:puM
xUreNa,,xUraM,
xaMRtrA,swrI,kora_palYlYu,swrI
karAla,napuM:puM,BayaMkara,napuM:puM
xaNda,napuM:puM,karra,napuM:puM
xaSan,a,paxi,a
xaSana,napuM,palYlYu,napuM
xah1,,,
xakRa,puM,samarWudu^nipuNudu,puM
xakRiNAyana,napuM,xakRiNAyanaM,napuM
xam1_Nic,,,
xamBa,puM,kapatamu,puM
xamBa-ahafkAra-sam_yuj2,,,
xama,puM,nigrahiMcuta^xaNdana,puM
xarSana,napuM,xarSanaM,napuM
kAfkRin,puM,kAfkRiMcuvAdu,puM
xarpa,napuM:puM,xarpamu^ahaMkAraM^garvaM,napuM:puM
xayA,swrI,xaya,swrI
xeSa,puM,xeSaM,puM
xehAnwara,napuM,,napuM
prApwi,swrI,prApwi^poMxu^laBiMcu,swrI
xeha,napuM:puM,xehamu^SarIraM,napuM:puM
Bqw,,baMtu^kUli,
xehavax,,xehamu^SarIraM,
xehin,puM:napuM,AwmA^xehaM_kalaxi,puM:napuM
xeva,puM,xeva,puM
Boga,napuM:puM,Bogamu^suKamu,napuM:puM
qRi,puM,qRi,puM
vara,napuM:puM:swrI,varamu^SreRtamu,napuM:puM:swrI
vrawa,napuM:puM,vrawamu^nomu,napuM:puM
xvija,puM,reMdusArlu_puttinavAdu,puM
prAjFa,puM:swrI,buxXi,puM:swrI
pUjana,,pUjiMcuta^gOraviMcuta,
yajas,,yajurvedaM,*
xevala,puM,,puM
xevawA,swrI,xevawa,swrI
xevaxawwa,puM,xevawa,puM
xeveSa,puM,,puM
xiS,swrI,xikku,swrI
xiv,swrI,xinamu,swrI
xivya,napuM:puM,xivya,napuM:puM
xivya-aneka-uxyawa-AyuXa,,,
xivya-ganXa-anulepana,,,
xivya-mAlya-ambara-Xara,,,
xoRa,puM,xoRamu,puM
xoRavaw,napuM,xoRamu,napuM
xqDa,napuM:puM,xqDamu,napuM:puM
xqRta,napuM:puM,cUdabadina,napuM:puM
xqRti,swrI,cUdabadina,swrI
xqRtq,,,*
xqS1,,,
xqS1_Nic,,,
xrOpaxeya,puM,xrOpaxeyudu,puM
xravya,napuM:puM,xravyaM,napuM:puM
xravyamaya,puM,xravyaM,puM
xroNa,puM:napuM,xrONudu,puM:napuM
xru1,,,
xrupaxa,puM,xrupaxudu,puM
puwra,puM,puwrudu,puM
xuHKa,napuM,xuHKamu,napuM
Alaya,puM,AlayaM^nivAsaM,puM
Amaya,puM,rogamu,puM
praxa,,xAwa,
han,,vaXiMcuta,
viyoga,napuM:puM,viyogaM,napuM:puM
xuHKawara,napuM,xuHKamu,napuM
xuRkqw,puM:swrI,xuRta,puM:swrI
xuRkqwin,puM,xuRtudu,puM
xuRpUra,napuM:puM,xuRtudu,napuM:puM
xuRtA,puM:swrI,xuRta,puM:swrI
xur-gawi,,xurgawi,
xur-mawi,,xurbuxXi,
xur-meXas,,xurbuxXi,
xur-nigraha,,,*
xur-nir_IkR1,,,
xurAsaxa,puM,,puM
xurawyayA,swrI,,swrI
xurbuxXi,swrI,xurbuxXi,swrI
xurlaBawara,puM,xurlaBaM,puM
xuryoXana,napuM:puM,xuryoXanudu,napuM:puM
xus_pra_Ap1,,,
xvAra,napuM,xvAraM,napuM
xvanxva,napuM:puM,xvanxva,napuM:puM
moha,puM,mohamu,puM
awIwa,napuM:puM,awIwamu,napuM:puM
xvanxva-moha-nir_muc1,,,
xveRa,napuM,xveRaM,napuM
xveRya,puM,xveRaM,puM
xvi,napuM:puM:swrI,xvi^reMdu,napuM:puM:swrI
xviR1,,,
xviviXA,swrI,reMdu_viXamulu,swrI
xyAvA,,,*
xyUwa,napuM:puM,jUxamu,napuM:puM
yA1,,,
yAvaw,puM,,puM
yAwa,napuM:puM,prayANaM,napuM:puM
yAma,puM,jAmu,puM
yAxas,napuM,jalajaMwuvu,napuM
yAxava,puM,yAxavudu,puM
yAxqS,napuM:puM,eVtuvaMtixi,napuM:puM
yOvana,napuM,yOvvanam,napuM
yaSas,napuM,yaSassu,napuM
yaWA,,e_viXamugA,
BAga,napuM:puM,BAgamu,napuM:puM
yaWAvaw,,yaWAviXi,
yaj1,,,
yajFa,puM,yajFamu,puM
amqwa,napuM:puM,amqwaM,napuM:puM
SiRtA,,viSiRtudu,
aSin,,ciraMjIvi,*
Buja,puM,Bujamu,puM
kRapiwa,,naSiMcina,
kalmaRa,napuM:puM,kalmaRaM,napuM:puM
yajFavix,puM,yAgaviXi_welisinavAdu,puM
yajus,napuM,yajurvedaM,napuM
yakRa,puM,yakRudu,puM
rakRas,napuM,rAkRasudu,napuM
yama,puM,yamudu^yamaXarma_rAju,puM
yanwra-Af_ruh1,,,
yasmAw,,eVvarinuMdEwe,
yaw,,exEwe,
yaw1,,,
yawa,napuM:puM,prayawniMcuta^niyaMwriwa,napuM:puM
yawaH,,eVMxukaMte,
yawi,swrI,sAXuvu^prayawniMcuta,swrI
yawra,,eVkkadEwe,
yax,napuM:puM:swrI,exEwe,napuM:puM:swrI
praBAva,puM,praBAvaM,puM
vikArin,napuM:puM,mArpu_ceMxunaxi,napuM:puM
yaxA,,eVppudEwe,
yaxi,,,*
yaxqcCA,swrI,yaWecCaM,swrI
sanwuRta,napuM:puM,sanwuRtudu^wqpwi_kalginavAdu,napuM:puM
yaxvA,,ixi_kAkuMte_axi,
yaxvaw,,ixi_kAkuMte_axi,
yaxyapi,,ayinAkUdA,
yoXa,puM,yoXudu,puM
muKya,napuM:puM,muKyudu,napuM:puM
vIra,napuM:puM,vIrudu,napuM:puM
yoga,puM:puM,yoga,puM:puM
ArUDa,puM,eVkkinavAdu,puM
BraRta,puM,BraRtudu,puM
XAraNA,,XariMcuta,
bala,napuM:puM,balaM,napuM:puM
kRema,napuM:puM,kRemaM,napuM:puM
saFjFiwa,napuM:puM,peru_galaxi,napuM:puM
viwwama,,vixvAMsudu,
yogamAyA,swrI,yoga_mAya^viRNu_mAya,swrI
yogeSvara,puM,yogeSvarudu,puM
yogin,puM,yogi,puM
yoni,puM,yoni^garBASayaM,puM
yowsyamAna,puM,,puM
yoxXu-kAma,,,*
yuRmax,,nI^nIvu,
yuX,napuM:puM:swrI,yuxXaM^yuxXam_ceyuta,napuM:puM:swrI
yuX1,,,
yuXAmanyu,puM,yuXAmanyudu,puM
yuXiRTira,puM,yuXiRTirudu,puM
yuga,napuM,yugamu,napuM
yugapaw,,eka_kAlamuna^oVke_sAri,
yuj1,,,
yuj2,,,
yukwa,napuM:puM,kUdukunnaxi^yogyamEnaxi,napuM:puM
avaboXa,,melukoVlputa^nerpiMcuta,
yukwa-wama,,yogyamEnaxi,*
yukwaceRta,,maMci_pravarwana,
yukwacewas,,maMci_pravarwana,*
yukwawama,puM,yogyamEnaxi,puM
yuxXa,napuM:puM,yuxXaM,napuM:puM
viSAraxa,napuM:puM,paMdiwudu^vixvAMsudu,napuM:puM
yuyuXAna,puM,yuyuXAnudu,puM
yuyuwsu,napuM:puM,yuyuwsudu,napuM:puM
